id,student_id,skill_proficiency,created_at
017c3856-2af3-48eb-9b98-9f3805b05276,59b885c5-a486-4521-a141-9b48cc0b7b3d,"{""1a"":0.52,""2a"":0.38,""2b"":0.1,""3a"":0.28}",2026-05-20 03:15:37.510178
029205d9-dded-4265-aa52-78d30969b1b2,d39a8b6c-74a4-4a8b-ac38-6ceb71b4354d,"{""1a"":0.1,""2a"":-0.02,""2b"":0.1}",2026-05-21 02:31:23.636311
02c09933-a2f2-47f6-870a-996230798d2f,59b885c5-a486-4521-a141-9b48cc0b7b3d,"{""1a"":0.45,""2a"":0.24,""2b"":0.13,""3a"":0.36}",2026-05-13 20:33:18.159838
08104449-7e1c-43d9-8ca1-6e951889ecf5,b3fd9bd7-d975-4922-b6a8-e588e4c0f5ad,"{""2a"":0.11,""2b"":1,""3a"":-0.12}",2026-05-19 01:37:11.037753
0e37da27-baa3-4988-a4c8-99127834c77c,59b885c5-a486-4521-a141-9b48cc0b7b3d,"{""1a"":0.5,""2a"":0.38,""2b"":0.1,""3a"":0.28}",2026-05-19 02:37:44.964935
120c806d-aa67-4858-8ba1-b710404caf31,b3fd9bd7-d975-4922-b6a8-e588e4c0f5ad,"{""2a"":0.11,""3a"":-0.12}",2026-05-19 01:30:37.821166
15ecac52-8ef8-4448-979a-3b5e6f39635d,59b885c5-a486-4521-a141-9b48cc0b7b3d,"{""1a"":0.7,""2a"":0.56,""2b"":0.1,""3a"":0.28}",2026-05-20 05:56:27.591248
1632540b-943b-447a-b2f8-638fdce97736,59b885c5-a486-4521-a141-9b48cc0b7b3d,"{""1a"":0.7,""2a"":0.61,""2b"":0.1,""3a"":0.28}",2026-05-20 16:23:06.342394
16edac6f-61f4-4879-949f-fe54451ab4ca,59b885c5-a486-4521-a141-9b48cc0b7b3d,"{""1a"":0.7,""2a"":0.79,""2b"":0.1,""3a"":0.28}",2026-05-24 01:42:21.842743
20b86bfe-7f08-4bb8-aafa-57b182305aac,063b47d1-94bb-4248-803a-a1393cff0085,"{""1a"":0.03,""2b"":0.03}",2026-05-31 20:18:54.414803
20d9a2d3-865b-42cc-ac52-38b2c2b9ba3d,59b885c5-a486-4521-a141-9b48cc0b7b3d,"{""1a"":0.7,""2a"":0.9,""2b"":0.1,""3a"":0.28}",2026-06-01 02:25:21.180666
2160e2fb-1cc9-4bd7-8b16-ed8292679a8a,59b885c5-a486-4521-a141-9b48cc0b7b3d,"{""1a"":0.38,""2a"":0.19,""2b"":0.13,""3a"":0.36}",2026-05-13 14:35:12.070458
21f1e479-0d6e-4a5b-9506-563ba9ed2db4,59b885c5-a486-4521-a141-9b48cc0b7b3d,"{""1a"":0.45,""2a"":0.24,""2b"":0.1,""3a"":0.36}",2026-05-14 02:27:52.80479
245f7828-e159-407a-b08f-56baaeaa20c1,59b885c5-a486-4521-a141-9b48cc0b7b3d,"{""1a"":0.49,""2a"":0.4,""2b"":0.1,""3a"":0.28}",2026-05-19 02:46:39.271936
26547d23-9870-4432-b09f-5299e8c6a8e7,59b885c5-a486-4521-a141-9b48cc0b7b3d,"{""1a"":0.55,""2a"":0.34,""2b"":0.1,""3a"":0.3}",2026-05-19 01:40:48.795996
28566051-0042-436a-ae1a-c1a65e90f126,e53b248a-25e7-40b5-814f-d65394615c3c,{},2026-05-25 22:33:30.818348
302bf5b3-f7b3-478d-b5cc-8b943a8876dd,59b885c5-a486-4521-a141-9b48cc0b7b3d,"{""1a"":0.52,""2a"":0.4,""2b"":0.1,""3a"":0.28}",2026-05-20 03:15:20.091935
31167eec-8e78-4664-8cd1-9ff262fd7156,240e26f2-9371-4d04-ac1e-f0bdabd74804,{},2026-06-05 18:04:41.368293
3269c3ce-7b6c-4e76-a840-060fbd5b931e,59b885c5-a486-4521-a141-9b48cc0b7b3d,"{""1a"":0.41,""2a"":0.24,""2b"":0.13,""3a"":0.36}",2026-05-13 15:52:58.527113
32912638-9037-44e0-bd31-852f6b9e6d59,59b885c5-a486-4521-a141-9b48cc0b7b3d,"{""1a"":0.51,""2a"":0.29,""2b"":0.1,""3a"":0.3}",2026-05-14 02:46:37.772989
347e77ee-7efb-4863-a6e8-c36e14bf23bb,59b885c5-a486-4521-a141-9b48cc0b7b3d,"{""1a"":0.7,""2a"":0.7,""2b"":0.1,""3a"":0.28}",2026-05-22 01:14:16.710129
38f46f8b-6f1f-409c-9eef-8e8b7153875f,d09b18d6-2a99-46b0-9a76-f0c710db48f9,{},2026-05-25 14:32:02.905739
3e7d2183-7a8b-4788-a580-0717a435f16e,2f0365ea-a5ff-4b29-a672-2d9f2e9d73e8,"{""1a"":0.01,""2a"":0.01,""2b"":-0.03,""3a"":0.08}",2026-05-20 07:08:04.059588
415b9cf2-1f96-455f-86ea-550d2d56c391,b3fd9bd7-d975-4922-b6a8-e588e4c0f5ad,{},2026-05-18 19:07:56.457299
430c4804-475a-4f2f-b7d3-b753d65cd375,59b885c5-a486-4521-a141-9b48cc0b7b3d,"{""1a"":0.7,""2a"":0.51,""2b"":0.1,""3a"":0.28}",2026-05-20 04:36:16.346399
48196939-eaa2-42ad-ad29-6a2c33a556e4,e53b248a-25e7-40b5-814f-d65394615c3c,"{""1a"":0.06,""2a"":0.14,""2b"":0.01,""3a"":0.1}",2026-05-25 22:39:04.270002
4850e6ee-db78-46a0-bf51-a87b8d6cc2cf,9a184ed7-1429-4d49-a1f9-2ac59a28cc30,{},2026-05-25 14:33:40.709161
49ba18a3-b169-4faa-948f-163848499862,59b885c5-a486-4521-a141-9b48cc0b7b3d,"{""1a"":0.45,""2a"":0.29,""2b"":0.1,""3a"":0.34}",2026-05-14 02:33:59.348738
4a0833b6-17e7-4429-8c88-44d3c7377c88,22b8b5e1-bc2d-42d8-a039-73526defa74d,"{""1a"":0.05,""2a"":0.25,""2b"":0.27,""3a"":0.2}",2026-05-25 14:39:05.454661
4c688bba-cc31-412b-95e6-1f72e3f60cd8,59b885c5-a486-4521-a141-9b48cc0b7b3d,"{""1a"":0.5,""2a"":0.34,""2b"":0.1,""3a"":0.28}",2026-05-19 02:37:10.564767
4d24896b-d1d2-401a-9d49-8b483fac3805,59b885c5-a486-4521-a141-9b48cc0b7b3d,"{""1a"":0.59,""2a"":0.39,""2b"":0.1,""3a"":0.28}",2026-05-20 04:12:02.436736
4d57d6b2-5bc2-4681-96f7-0256c47b3718,59b885c5-a486-4521-a141-9b48cc0b7b3d,"{""1a"":0.47,""2a"":0.4,""2b"":0.1,""3a"":0.28}",2026-05-19 03:26:34.096806
4eccfd5d-42ff-455a-a74b-36dfc5d7fc95,59b885c5-a486-4521-a141-9b48cc0b7b3d,"{""1a"":0.55,""2a"":0.38,""2b"":0.1,""3a"":0.3}",2026-05-19 01:40:34.444334
4f0634fa-3b51-45df-83c7-0bbb37d69bed,59b885c5-a486-4521-a141-9b48cc0b7b3d,"{""1a"":0.53,""2a"":0.29,""2b"":0.1,""3a"":0.3}",2026-05-14 02:40:16.493755
4f8f5416-0b3e-4ec2-9be7-9d49a7d862fa,59b885c5-a486-4521-a141-9b48cc0b7b3d,"{""1a"":0.44,""2a"":0.41,""2b"":0.1,""3a"":0.28}",2026-05-20 04:10:50.559691
515ad3cb-2b65-4ccd-a74b-cc2b64174668,59b885c5-a486-4521-a141-9b48cc0b7b3d,"{""1a"":0.5,""2a"":0.32,""2b"":0.1,""3a"":0.28}",2026-05-19 02:37:18.710943
55b9f79b-575e-430d-b02b-e021dca531ea,0d742029-1e08-45ed-9edc-2fc43d544633,"{""1a"":0.01,""2a"":-0.02,""2b"":0.18,""3a"":0.2}",2026-05-21 03:43:45.006112
5797b3c4-b78a-4c6c-82b3-14bc427ca944,59b885c5-a486-4521-a141-9b48cc0b7b3d,"{""1a"":0.56,""2a"":0.32,""2b"":0.1,""3a"":0.3}",2026-05-14 02:57:51.072005
5bafdf78-e600-449d-a2b4-7ff6c8d10a42,6382470f-620e-441a-bc0b-75a9dd57f138,"{""1a"":0.29,""2a"":0.11,""2b"":0.01,""3a"":0}",2026-05-26 13:50:16.72915
5cc582ee-daa1-490e-b539-26984b9a8c52,b3fd9bd7-d975-4922-b6a8-e588e4c0f5ad,"{""3a"":-0.12}",2026-05-18 19:14:22.630616
5cd54c59-ef21-401c-b171-cdfb3a16d9ef,bc1e82bc-0efb-4981-87cb-70db4b77f42f,{},2026-05-24 03:45:29.970202
5d20a866-8a57-410c-a1da-646c6b67b97d,2f0365ea-a5ff-4b29-a672-2d9f2e9d73e8,"{""1a"":0.01,""2a"":-0.01,""2b"":-0.03,""3a"":0.08}",2026-05-20 07:08:14.722137
5e8390b6-90d3-4761-bc45-54198ff7f45a,d39a8b6c-74a4-4a8b-ac38-6ceb71b4354d,"{""1a"":0.25,""2a"":0.13,""2b"":0.28,""3a"":0.2}",2026-05-24 21:40:03.978292
5f9399db-7f51-41ab-927e-7317f360633f,59b885c5-a486-4521-a141-9b48cc0b7b3d,"{""1a"":0.7,""2a"":0.98,""2b"":0.1,""3a"":0.28}",2026-06-04 06:51:59.746829
61a43fc9-729c-416a-9fd4-9c6691f23b30,59b885c5-a486-4521-a141-9b48cc0b7b3d,"{""1a"":0.7,""2a"":0.47,""2b"":0.1,""3a"":0.28}",2026-05-20 04:29:37.879845
64fbb5ee-be03-4a53-ae45-eb2cb59d804b,e53b248a-25e7-40b5-814f-d65394615c3c,"{""1a"":0.11,""2a"":0.14,""2b"":0.01,""3a"":0.15}",2026-05-25 22:44:39.489403
6972e437-f7af-44b8-a68f-ff1a0f2e8ae5,59b885c5-a486-4521-a141-9b48cc0b7b3d,"{""1a"":0.7,""2a"":0.55,""2b"":0.1,""3a"":0.28}",2026-05-20 04:30:51.09269
69f53629-17e9-49e9-a132-07a2edc34132,fb60c9a7-813e-4397-b185-20ab9bce2c3c,{},2026-05-20 19:45:32.149183
6f20234d-abbc-4bb3-a3d4-a9ce53d38e76,c5129d74-1c0a-4067-b619-dfadbd918750,{},2026-05-26 13:46:46.084549
73c7c0e0-bb57-4d06-b46f-12e10e14e0f3,e67fb5bd-9bbf-4ffc-9b26-20767063beab,{},2026-05-13 15:54:32.008561
750ce477-bb26-4144-9764-3b5195c6375d,98c87153-7818-42f1-8c09-fda9838e598f,{},2026-05-13 16:16:04.010528
760b16d6-6505-475c-ad77-34429b131d29,d39a8b6c-74a4-4a8b-ac38-6ceb71b4354d,"{""1a"":0.2,""2a"":-0.02,""2b"":0.23,""3a"":0.1}",2026-05-21 02:36:12.807363
7872a6d1-2e89-4597-bbee-50ec247a993b,59b885c5-a486-4521-a141-9b48cc0b7b3d,"{""1a"":0.7,""2a"":0.49,""2b"":0.1,""3a"":0.28}",2026-05-20 04:36:36.323495
78a7ade8-71c7-4c04-a005-ca1438619e6e,59b885c5-a486-4521-a141-9b48cc0b7b3d,"{""1a"":0.54,""2a"":0.32,""2b"":0.1,""3a"":0.3}",2026-05-14 03:06:00.878872
79120dbf-0821-437d-825b-0d77c33fcf8d,c5129d74-1c0a-4067-b619-dfadbd918750,"{""1a"":0.07,""2a"":0.09,""2b"":0.02,""3a"":0.07}",2026-05-26 13:55:56.392875
7ac54335-0e3d-4706-a7c2-d0791c820f98,2f0365ea-a5ff-4b29-a672-2d9f2e9d73e8,"{""1a"":0.01,""2a"":-0.02,""2b"":-0.06,""3a"":-0.02}",2026-05-20 05:28:56.719661
7b3ab236-31b3-4d63-84c5-7f5b57edafec,89ee0f3c-ffb5-4f85-acd1-a7658abc09f6,{},2026-05-13 16:52:46.075943
7c9a56c0-acd7-4cd4-bc31-7ba6f5c319ec,59b885c5-a486-4521-a141-9b48cc0b7b3d,"{""1a"":0.7,""2a"":0.53,""2b"":0.1,""3a"":0.28}",2026-05-20 04:36:09.641186
7ea5fa03-7b73-4e2f-aba4-1762c67bf951,59b885c5-a486-4521-a141-9b48cc0b7b3d,"{""1a"":0.5,""2a"":0.4,""2b"":0.1,""3a"":0.28}",2026-05-19 02:42:31.722798
80e8f4e8-5015-45d2-a70f-bda6ff4d3bbe,59b885c5-a486-4521-a141-9b48cc0b7b3d,"{""1a"":0.7,""2a"":0.99,""2b"":0.1,""3a"":0.28}",2026-06-05 02:59:55.247453
820cd3c3-46db-4f61-8e88-91046a0ecd97,59b885c5-a486-4521-a141-9b48cc0b7b3d,"{""1a"":0.49,""2a"":0.41,""2b"":0.1,""3a"":0.28}",2026-05-20 04:11:25.554237
82f7cdf9-2f77-4ba9-baa3-35e94d3d8db2,59b885c5-a486-4521-a141-9b48cc0b7b3d,"{""1a"":0.46,""2a"":0.41,""2b"":0.1,""3a"":0.28}",2026-05-20 03:52:59.003766
847d38c4-26d5-4c3f-af66-0644fe23b8e7,59b885c5-a486-4521-a141-9b48cc0b7b3d,"{""1a"":0.7,""2a"":0.5,""2b"":0.1,""3a"":0.28}",2026-05-20 04:36:58.847247
8fa7ec51-2018-44ac-a2fc-919a6a638499,0d742029-1e08-45ed-9edc-2fc43d544633,"{""1a"":-0.05,""2a"":-0.02,""2b"":0.19,""3a"":0.2}",2026-05-21 03:42:48.602604
914ca77d-9ea8-4da7-b204-0e7d0e8abcae,761f8bff-82b6-420c-aaf0-d00b8f193205,{},2026-05-22 05:49:16.665109
94529dc6-8519-4a01-9b1d-fc4e998d10b3,59b885c5-a486-4521-a141-9b48cc0b7b3d,"{""1a"":0.55,""2a"":0.34,""2b"":0.1,""3a"":0.28}",2026-05-19 01:41:04.934279
98cfa59b-8ad9-4808-a12f-7010df26ff31,59b885c5-a486-4521-a141-9b48cc0b7b3d,"{""1a"":0.5,""2a"":0.38,""2b"":0.1,""3a"":0.28}",2026-05-20 03:25:49.983234
99df6e0b-35e8-4b48-a421-4234b45aa6e1,fb60c9a7-813e-4397-b185-20ab9bce2c3c,"{""2a"":0.03}",2026-05-20 19:48:13.452181
9c44e3ac-5ed8-4e61-ba0c-73e1fca28d94,59b885c5-a486-4521-a141-9b48cc0b7b3d,"{""1a"":0.5,""2a"":0.42,""2b"":0.1,""3a"":0.28}",2026-05-19 02:37:32.456401
9cd9df57-a1fe-40f4-8d55-b8743686cd45,59b885c5-a486-4521-a141-9b48cc0b7b3d,"{""1a"":0.7,""2a"":0.52,""2b"":0.1,""3a"":0.28}",2026-05-20 04:36:48.588898
9f45a18e-0c85-4550-a332-20a2466b115f,e743d197-a48b-47d5-95e6-45dc978cc348,{},2026-05-25 14:28:09.772078
a7bc19af-6c64-4684-bae5-8d6ef2dbfcb5,59b885c5-a486-4521-a141-9b48cc0b7b3d,"{""1a"":0.54,""2a"":0.41,""2b"":0.1,""3a"":0.28}",2026-05-20 04:11:37.043874
a7e8f9d7-5aab-4971-90c9-2cbdef1dac09,2f0365ea-a5ff-4b29-a672-2d9f2e9d73e8,"{""1a"":0.01,""2a"":-0.01,""2b"":-0.05,""3a"":0.13}",2026-06-05 03:03:24.105766
a7f7d0a6-a8c0-442d-8a59-a8b97e6ef64e,59b885c5-a486-4521-a141-9b48cc0b7b3d,"{""1a"":0.7,""2a"":0.87,""2b"":0.1,""3a"":0.28}",2026-06-01 02:25:10.430267
a843a708-aaa8-4902-a360-54d263b1c446,240e26f2-9371-4d04-ac1e-f0bdabd74804,"{""1a"":0.05,""2b"":0.05}",2026-06-05 18:05:12.387789
ab313186-6750-4431-8cf9-e79ebec5480f,063b47d1-94bb-4248-803a-a1393cff0085,"{""1a"":0.08,""2a"":0.13,""2b"":0.22,""3a"":0.2}",2026-06-02 18:54:24.305048
abf815a3-b001-4389-bc61-46d4686ec642,59b885c5-a486-4521-a141-9b48cc0b7b3d,"{""1a"":0.56,""2a"":0.34,""2b"":0.1,""3a"":0.28}",2026-05-19 01:45:31.198843
abff6082-e325-47c4-81b4-537262a8e285,34ec08ca-7564-4eca-b717-c1cdb2568607,{},2026-05-25 14:34:43.688772
aca32118-6380-4691-9cfb-7d29797c5f56,59b885c5-a486-4521-a141-9b48cc0b7b3d,"{""1a"":0.53,""2a"":0.29,""2b"":0.1,""3a"":0.34}",2026-05-14 02:40:06.647455
ade4b433-718b-41d7-a8c4-5cfac42e2baa,2f0365ea-a5ff-4b29-a672-2d9f2e9d73e8,"{""1a"":-0.04,""2a"":-0.02,""2b"":-0.04,""3a"":-0.02}",2026-05-20 05:28:47.684534
ae77105d-ac80-4b9c-abdf-2bd193dae9e2,3792864f-3238-40f9-8128-74a079a242c1,"{""1a"":0.05,""2a"":0.28,""2b"":0.09,""3a"":0.08}",2026-05-25 14:40:21.615754
b1164774-d182-436c-b4ef-881727a5cc90,59b885c5-a486-4521-a141-9b48cc0b7b3d,"{""1a"":0.55,""2a"":0.36,""2b"":0.1,""3a"":0.3}",2026-05-19 01:40:43.059586
b119432f-49f7-45d1-9f22-c22349a6596e,59b885c5-a486-4521-a141-9b48cc0b7b3d,"{""1a"":0.46,""2a"":0.36,""2b"":0.1,""3a"":0.28}",2026-05-20 03:52:23.592276
b150f19e-f9d9-4803-8b2b-078562afc52a,59b885c5-a486-4521-a141-9b48cc0b7b3d,"{""1a"":0.55,""2a"":0.33,""2b"":0.1,""3a"":0.3}",2026-05-19 01:40:24.502372
b2d9cb7f-bcc5-4f6a-ba2f-96d7b7c26d64,59b885c5-a486-4521-a141-9b48cc0b7b3d,"{""1a"":0.5,""2a"":0.36,""2b"":0.1,""3a"":0.28}",2026-05-20 03:49:17.025254
b6d49e58-9c43-4397-bdda-17ff3046ba3b,5e32fd5e-b454-4436-ae77-58f2114bed42,{},2026-05-14 03:59:29.726228
b6dcad38-a347-4bb0-90c0-9ccab6e50ae4,59b885c5-a486-4521-a141-9b48cc0b7b3d,"{""1a"":0.48,""2a"":0.36,""2b"":0.1,""3a"":0.28}",2026-05-20 03:49:34.627545
b7c4daf8-f7c0-49a5-bfe7-9ba773877d5f,6382470f-620e-441a-bc0b-75a9dd57f138,"{""1a"":0.29,""2a"":0.19,""2b"":0.13,""3a"":0.01}",2026-05-26 13:51:49.298589
b88e6ec0-1e8b-4ad2-adca-7a34f210f8f1,59b885c5-a486-4521-a141-9b48cc0b7b3d,"{""1a"":0.7,""2a"":0.78,""2b"":0.1,""3a"":0.28}",2026-05-22 02:40:25.874666
b91cc7cc-0c2f-40b9-86b8-487c60cd4f4f,59b885c5-a486-4521-a141-9b48cc0b7b3d,"{""1a"":0.7,""2a"":0.84,""2b"":0.1,""3a"":0.28}",2026-05-29 19:56:59.118967
bb619c88-8ce0-4ca7-aa20-f8637214df0d,e53b248a-25e7-40b5-814f-d65394615c3c,"{""1a"":0.06,""2a"":0.1,""2b"":0.05,""3a"":0.05}",2026-05-25 22:35:19.481606
bc89e8cc-b61d-43a0-b5fb-6ebfbba0cd44,3792864f-3238-40f9-8128-74a079a242c1,{},2026-05-25 14:32:00.052435
be40bd0d-43d4-418e-9854-3f2614412ff3,59b885c5-a486-4521-a141-9b48cc0b7b3d,"{""1a"":0.7,""2a"":0.42,""2b"":0.1,""3a"":0.28}",2026-05-20 04:29:26.984101
c3b892ca-8e50-4950-85d4-7cb3e51735d7,59b885c5-a486-4521-a141-9b48cc0b7b3d,"{""1a"":0.45,""2a"":0.24,""2b"":0.1,""3a"":0.34}",2026-05-14 02:28:02.254877
c61ae1c2-2eda-4826-b574-68ed3850a837,d39a8b6c-74a4-4a8b-ac38-6ceb71b4354d,{},2026-05-21 02:29:10.774655
c74e70d3-cbc8-4047-814f-6eba5039abe3,e67fb5bd-9bbf-4ffc-9b26-20767063beab,"{""2a"":0.05}",2026-05-13 15:55:15.044257
c76fdc00-ef35-478a-8012-182c46c1f6ac,2f0365ea-a5ff-4b29-a672-2d9f2e9d73e8,{},2026-05-20 05:28:26.411588
c8bf12d3-3f25-44ef-98fd-1fe51f48d7fc,59b885c5-a486-4521-a141-9b48cc0b7b3d,"{""1a"":0.7,""2a"":0.55,""2b"":0.1,""3a"":0.28}",2026-05-20 04:55:04.565731
cca380a3-6b2f-4b8b-b79f-abbe70fdc83e,59b885c5-a486-4521-a141-9b48cc0b7b3d,"{""1a"":0.65,""2a"":0.42,""2b"":0.1,""3a"":0.28}",2026-05-20 04:28:21.224455
cd76b9a4-dd3a-4979-867a-d8fa1bad6886,22b8b5e1-bc2d-42d8-a039-73526defa74d,{},2026-05-25 14:27:10.152882
ce47fb6d-cab6-4ca9-9029-e56af9b23fd7,59b885c5-a486-4521-a141-9b48cc0b7b3d,"{""1a"":0.51,""2a"":0.34,""2b"":0.1,""3a"":0.28}",2026-05-19 01:43:44.666454
d0ba9121-a418-40f5-9280-954cb4ca4126,903efe0e-7e7a-4c71-aff4-ff7c31298f41,{},2026-05-14 01:44:01.801761
d1ac20b5-7c94-41b3-b938-66f5f6d8e23e,863be68b-9e0a-4751-9b1f-ffbc07162fee,{},2026-05-14 22:42:21.746475
d39cc737-d109-4d2d-96a1-85e8c65aab10,6bdb2233-6cff-41f4-abad-ee369e61ea65,{},2026-05-25 14:34:43.724929
d4cafbb9-ec6c-4967-98e8-50d6bd2adf34,0d742029-1e08-45ed-9edc-2fc43d544633,"{""1a"":0.01,""2a"":-0.02,""2b"":0.18,""3a"":0.18}",2026-05-21 03:44:07.846708
d5f8a27c-6a2b-48aa-9f66-d3e460856f0a,bc524b28-e88b-4548-bbd3-f3babf00539f,"{""3a"":0.93}",2026-05-13 16:25:30.632106
d76487f2-1ab8-4838-bc80-70486dcddad4,0d742029-1e08-45ed-9edc-2fc43d544633,{},2026-05-21 03:30:31.509721
d7dfd382-fe14-440b-8511-6a2c385c4ac3,59b885c5-a486-4521-a141-9b48cc0b7b3d,"{""1a"":0.7,""2a"":0.58,""2b"":0.1,""3a"":0.28}",2026-05-20 05:55:44.864003
d874d6ce-dc24-4db7-bbdd-312249b5b1bb,063b47d1-94bb-4248-803a-a1393cff0085,{},2026-05-31 20:16:38.212055
d8938b92-7c03-4c33-afb2-e6710bb780f7,59b885c5-a486-4521-a141-9b48cc0b7b3d,"{""1a"":0.55,""2a"":0.3,""2b"":0.1,""3a"":0.3}",2026-05-19 01:36:57.506315
dc25766b-18ab-4c45-b9d9-027d8e43b4b7,0d742029-1e08-45ed-9edc-2fc43d544633,"{""1a"":0.01,""2b"":0.16,""3a"":0.15}",2026-05-21 03:39:25.730048
ddb1ed6e-b08d-4f6b-b931-e3e795acb26a,240e26f2-9371-4d04-ac1e-f0bdabd74804,"{""1a"":0.05,""2b"":0.01,""3a"":0.05}",2026-06-05 18:07:08.317887
de96d735-905e-459f-9dfc-5bea33db6eac,59b885c5-a486-4521-a141-9b48cc0b7b3d,"{""1a"":0.51,""2a"":0.32,""2b"":0.1,""3a"":0.3}",2026-05-14 02:53:25.040639
e29a2dfb-d791-4f46-896b-15ad81d47bbc,d6d8224e-a0f7-44cc-a2da-b5bc6caf3027,{},2026-05-13 21:39:17.336491
e302e01c-e489-47d2-819f-f2a2a8940dd8,59b885c5-a486-4521-a141-9b48cc0b7b3d,"{""1a"":0.64,""2a"":0.42,""2b"":0.1,""3a"":0.28}",2026-05-20 04:12:57.270116
e35f71da-f092-4313-bd02-0a2d584eb760,bc524b28-e88b-4548-bbd3-f3babf00539f,{},2026-05-13 16:11:21.397604
e384c067-fcf0-4765-959f-dd72b8121363,d09b18d6-2a99-46b0-9a76-f0c710db48f9,"{""1a"":0.06,""2a"":0.04,""2b"":0.08,""3a"":0.11}",2026-05-25 14:40:15.359972
e5a41936-b249-470a-b7dd-c994aea9e43b,59b885c5-a486-4521-a141-9b48cc0b7b3d,"{""1a"":0.3,""2a"":0.19,""2b"":0.13,""3a"":0.36}",2026-05-12 06:10:05.380665
e5aa56a6-da83-4cb4-bcf9-dbabc1ebc408,59b885c5-a486-4521-a141-9b48cc0b7b3d,"{""1a"":0.7,""2a"":0.59,""2b"":0.1,""3a"":0.28}",2026-05-20 19:45:28.959339
e8fc7c43-b2ba-4eb3-aac0-528272875280,59b885c5-a486-4521-a141-9b48cc0b7b3d,"{""1a"":0.54,""2a"":0.3,""2b"":0.1,""3a"":0.3}",2026-05-14 03:13:04.978677
ed517ce1-2533-4498-b933-abb55134f973,bc1e82bc-0efb-4981-87cb-70db4b77f42f,"{""1a"":0.03,""2a"":-0.01,""2b"":0.01,""3a"":0.05}",2026-05-24 03:47:46.470073
f12f3823-2bf8-4b7d-8268-1b1dd93a4eb7,9a184ed7-1429-4d49-a1f9-2ac59a28cc30,"{""1a"":0.13,""2a"":0.04,""2b"":0,""3a"":-0.06}",2026-05-25 14:40:26.751878
f28c282b-e203-48fd-965d-55a07a7e4c45,59b885c5-a486-4521-a141-9b48cc0b7b3d,"{""1a"":0.38,""2a"":0.24,""2b"":0.13,""3a"":0.36}",2026-05-13 14:38:51.007462
f377e57f-f0b2-4bdf-8aee-d8eec39f735a,59b885c5-a486-4521-a141-9b48cc0b7b3d,"{""1a"":0.7,""2a"":0.67,""2b"":0.1,""3a"":0.28}",2026-05-21 23:41:57.464536
f4483c08-961e-4a86-95c9-729be7a05ea2,59b885c5-a486-4521-a141-9b48cc0b7b3d,"{""1a"":0.64,""2a"":0.39,""2b"":0.1,""3a"":0.28}",2026-05-20 04:12:44.948499
f593ce05-afe7-40ae-a826-a4cd3a75fc1c,6382470f-620e-441a-bc0b-75a9dd57f138,{},2026-05-26 13:46:10.032265
f69e2245-5259-4bcb-9247-dc19755120ea,59b885c5-a486-4521-a141-9b48cc0b7b3d,"{""1a"":0.54,""2a"":0.39,""2b"":0.1,""3a"":0.28}",2026-05-20 04:11:51.134259
f85e2401-826d-43d8-be19-a68ce8715d93,59b885c5-a486-4521-a141-9b48cc0b7b3d,"{""1a"":0.7,""2a"":0.52,""2b"":0.1,""3a"":0.28}",2026-05-20 04:29:59.823608
f90bb665-e456-4480-872c-77216615d048,59b885c5-a486-4521-a141-9b48cc0b7b3d,"{""1a"":0.51,""2a"":0.27,""2b"":0.1,""3a"":0.3}",2026-05-14 02:51:25.187467