id,student_id,total_reward,node_rewards,success_rate,started_at,ended_at,created_at
02a0caf4-97d8-428e-a36d-c02c6f5f3bea,0d742029-1e08-45ed-9edc-2fc43d544633,2.4,"{""1a"":0,""2a"":0,""2b"":0.6,""3a"":1.2}",0.286,2026-05-21 03:42:48.718066,,2026-05-21 03:42:48.711
02c981d3-8dc4-4a5c-bce2-1548b8241197,063b47d1-94bb-4248-803a-a1393cff0085,2,"{""1a"":0.6,""2b"":0.4}",0.5,2026-05-31 20:18:54.473252,,2026-05-31 20:18:54.454
02e5a5e0-d51e-427c-8d36-524c164a21c5,59b885c5-a486-4521-a141-9b48cc0b7b3d,3.2,"{""1a"":1.07}",1,2026-05-12 05:25:49.147769,,2026-05-12 05:25:46.988
047ee5eb-7990-4bf3-8d37-3cb3293daf73,e53b248a-25e7-40b5-814f-d65394615c3c,6.3,"{""1a"":0.43,""2a"":1.1,""2b"":1.2,""3a"":1.2}",0.75,2026-05-25 22:35:19.693434,,2026-05-25 22:35:19.683
0566a902-0011-4de3-bd57-939a58c33a4e,59b885c5-a486-4521-a141-9b48cc0b7b3d,9.5,"{""3a"":0.86}",0.727,2026-05-12 05:43:53.73726,,2026-05-12 05:43:51.543
08051ed0-1a00-45ef-ba4e-ece868c3bdc9,59b885c5-a486-4521-a141-9b48cc0b7b3d,6.3,"{""1a"":1,""2a"":0.2,""2b"":0.67,""3a"":1.03}",0.5,2026-05-12 05:53:27.658291,,2026-05-12 05:53:25.461
0a95c0d5-755f-4cc4-8309-fc2925e3e717,59b885c5-a486-4521-a141-9b48cc0b7b3d,2,"{""2a"":1}",0.5,2026-05-20 04:36:48.774425,,2026-05-20 04:36:45.785
0ac498ec-9e35-4667-aef2-f5cd1d76ce6d,59b885c5-a486-4521-a141-9b48cc0b7b3d,1.5,"{""1a"":1.5}",1,2026-05-20 04:11:37.21309,,2026-05-20 04:11:34.277
0b362aee-bed8-4115-b912-c78554b9dfb2,59b885c5-a486-4521-a141-9b48cc0b7b3d,1.4,"{""3A"":0.7}",0.5,2026-05-12 05:17:24.888652,,2026-05-12 05:17:22.731
0ef91cde-10f5-4371-bcfd-6a1fea879851,59b885c5-a486-4521-a141-9b48cc0b7b3d,0.5,"{""2a"":0.5}",0,2026-05-20 03:49:17.232822,,2026-05-20 03:49:14.325
111542fb-ee9a-4204-b679-07ad145cfca4,59b885c5-a486-4521-a141-9b48cc0b7b3d,1.5,"{""1a"":1.5}",1,2026-05-20 04:12:45.130597,,2026-05-20 04:12:42.183
116051cc-fac5-4e4a-91ec-6d65bbe6d61d,b3fd9bd7-d975-4922-b6a8-e588e4c0f5ad,30.2,"{""2b"":1.01}",0.833,2026-05-19 01:37:11.060196,,2026-05-19 01:37:11.048
138787dc-a4b5-411b-949a-518b768e9dd4,59b885c5-a486-4521-a141-9b48cc0b7b3d,0,{},0,2026-05-14 03:13:36.931193,,2026-05-14 03:13:36.919
15350eaa-c240-408f-8349-ef109467d00e,fb60c9a7-813e-4397-b185-20ab9bce2c3c,1.2,"{""2a"":0.6}",0.5,2026-05-20 19:48:13.518384,,2026-05-20 19:48:13.495
158c6a41-03a9-4716-ae0b-f0f91e31274b,0d742029-1e08-45ed-9edc-2fc43d544633,7.6,"{""1a"":0.37,""2b"":0.57,""3a"":1.03}",0.667,2026-05-21 03:39:25.798712,,2026-05-21 03:39:25.79
1759ca6f-785e-4088-b443-4902f9cb799c,59b885c5-a486-4521-a141-9b48cc0b7b3d,2.6,"{""1A"":0.87}",0.667,2026-05-12 01:52:06.894685,,2026-05-12 01:52:04.987
175d72a4-1a2c-4117-8a08-5ed8a93f237e,59b885c5-a486-4521-a141-9b48cc0b7b3d,0,{},0,2026-05-20 03:49:08.955538,,2026-05-20 03:49:06.046
182de685-2e05-4b1a-8ade-061f0ce8cf2c,59b885c5-a486-4521-a141-9b48cc0b7b3d,0,{},0,2026-05-20 04:10:40.804762,,2026-05-20 04:10:37.859
184c671a-2657-46c8-8e5d-da4d0e440f4e,59b885c5-a486-4521-a141-9b48cc0b7b3d,1.7,"{""1a"":1.7}",1,2026-05-14 02:57:51.09295,,2026-05-14 02:57:51.084
1a41e280-39b0-4c0d-a100-36904450a9e0,b3fd9bd7-d975-4922-b6a8-e588e4c0f5ad,3.3,"{""2a"":0.66}",0.6,2026-05-19 01:30:37.91046,,2026-05-19 01:30:37.893
1c88c44e-ff73-4276-9745-4454eeb93caa,59b885c5-a486-4521-a141-9b48cc0b7b3d,0,{},0,2026-05-12 03:16:35.8558,,2026-05-12 03:16:33.856
1dcb1380-8eec-4c35-b595-fdff20ae936c,59b885c5-a486-4521-a141-9b48cc0b7b3d,2,"{""1a"":1}",0.5,2026-05-13 15:52:58.714241,,2026-05-13 15:52:58.7
1eec06e6-8310-4953-924b-aa5db62d202c,59b885c5-a486-4521-a141-9b48cc0b7b3d,2.4,"{""1A"":1.2,""2B"":1.2}",1,2026-05-12 03:19:18.53606,,2026-05-12 03:19:16.534
1f4b233f-0490-4517-8744-d1a523617928,59b885c5-a486-4521-a141-9b48cc0b7b3d,0.5,"{""1a"":0.5}",0,2026-05-20 03:52:23.777864,,2026-05-20 03:52:20.868
1f7d2b30-acf4-4c6b-920e-91dc010cd8f4,59b885c5-a486-4521-a141-9b48cc0b7b3d,0,{},0,2026-05-14 02:53:09.066049,,2026-05-14 02:53:09.048
2080673b-5148-4623-b536-1867d66903bc,59b885c5-a486-4521-a141-9b48cc0b7b3d,0,{},0,2026-05-12 02:42:26.210357,,2026-05-12 02:42:24.253
213974d5-b185-412b-8879-e7c30aabe24f,e53b248a-25e7-40b5-814f-d65394615c3c,0,{},0,2026-05-25 22:43:25.042313,,2026-05-25 22:43:25.016
2191e67c-58b6-4b75-bcfb-c39d95456781,59b885c5-a486-4521-a141-9b48cc0b7b3d,3,"{""1A"":1.05,""3A"":0.9}",1,2026-05-12 05:01:41.19147,,2026-05-12 05:01:39.06
23ddf0b2-1d9b-4104-9b07-a2e9da3a79ac,59b885c5-a486-4521-a141-9b48cc0b7b3d,2.9,"{""1a"":0.97}",0.333,2026-05-20 04:28:21.471158,,2026-05-20 04:28:18.495
24c87d5b-eafe-41ef-9ced-2d84c997e415,59b885c5-a486-4521-a141-9b48cc0b7b3d,2.4,"{""2a"":1.2}",0.5,2026-05-22 01:14:16.777244,,2026-05-22 01:14:16.762
280f31aa-cae6-4641-bba5-766a437cffce,59b885c5-a486-4521-a141-9b48cc0b7b3d,1,"{""2a"":0.33}",0.333,2026-06-05 02:59:55.542705,,2026-06-05 02:59:53.625
2a9a95be-b184-4c00-a720-ba4773deb15c,59b885c5-a486-4521-a141-9b48cc0b7b3d,0.5,"{""3a"":0.5}",0,2026-05-14 02:28:02.277221,,2026-05-14 02:28:02.266
2c58dd83-c9dc-40d3-b2b9-cdc4e8c57705,59b885c5-a486-4521-a141-9b48cc0b7b3d,0.5,"{""1a"":0.5}",0,2026-05-20 03:25:50.223628,,2026-05-20 03:25:47.332
2d442596-a3da-4e4f-9a5f-9879befd7e8b,6382470f-620e-441a-bc0b-75a9dd57f138,0,{},0,2026-05-26 13:50:42.793495,,2026-05-26 13:50:42.776
2f02ccef-6e6d-4c92-b5ec-526c68db47f0,59b885c5-a486-4521-a141-9b48cc0b7b3d,0,{},0,2026-05-14 02:40:31.129853,,2026-05-14 02:40:31.114
2f10ae63-4c96-4957-9e60-c46e84c23ac9,59b885c5-a486-4521-a141-9b48cc0b7b3d,0,{},0,2026-05-12 04:17:39.751042,,2026-05-12 04:17:37.667
30c3299d-5a19-4dcf-bb8c-e6195da4d3e8,0d742029-1e08-45ed-9edc-2fc43d544633,0,{},0,2026-05-21 03:33:17.523713,,2026-05-21 03:33:17.513
31abef83-a3b3-4f47-bd16-55de32d0f7ec,59b885c5-a486-4521-a141-9b48cc0b7b3d,1.5,"{""2a"":1.5}",1,2026-05-20 04:55:04.795335,,2026-05-20 04:55:01.783
3256667d-7f91-4972-8a21-a6694e7e4e08,59b885c5-a486-4521-a141-9b48cc0b7b3d,1.2,"{""1A"":0.6}",0.5,2026-05-12 02:04:34.651092,,2026-05-12 02:04:32.479
33a904fc-9ccf-4c52-9196-1e62b444457e,59b885c5-a486-4521-a141-9b48cc0b7b3d,2.4,"{""1A"":1,""2A"":0.47}",0.5,2026-05-12 02:24:01.512467,,2026-05-12 02:23:59.57
35eba59e-7c8d-4f20-be85-aa9eb7506297,59b885c5-a486-4521-a141-9b48cc0b7b3d,3,"{""2a"":1.5}",1,2026-05-19 02:37:32.651304,,2026-05-19 02:37:31.012
3638c89c-4605-4042-8f78-836086666228,1cd609cf-220b-4cca-9828-8dc713c96518,1,"{""1A"":1}",1,2026-05-12 01:43:08.387254,,2026-05-12 01:43:06.486
378f4ef5-0ed4-4cb8-80b4-147e6622d552,59b885c5-a486-4521-a141-9b48cc0b7b3d,1.9,"{""1a"":0.63}",0,2026-05-19 02:37:10.7865,,2026-05-19 02:37:09.161
385b9b0f-a03b-43e0-bea3-7c91eb219d60,22b8b5e1-bc2d-42d8-a039-73526defa74d,19.7,"{""1a"":1,""2a"":0.98,""2b"":0.71,""3a"":0.55}",0.679,2026-05-25 14:39:05.541305,,2026-05-25 14:39:05.525
3b66e181-a187-4ac9-8222-4f978449ad19,59b885c5-a486-4521-a141-9b48cc0b7b3d,0.5,"{""3a"":0.5}",0,2026-05-19 01:41:05.180636,,2026-05-19 01:41:03.569
3b9fe89d-8031-46e4-ae3b-0e4363d2f037,59b885c5-a486-4521-a141-9b48cc0b7b3d,1.7,"{""1a"":1.7}",1,2026-05-20 04:12:02.634683,,2026-05-20 04:11:59.663
408a25ec-845c-4136-a689-b55510c17dc7,59b885c5-a486-4521-a141-9b48cc0b7b3d,0,{},0,2026-05-20 03:48:58.604788,,2026-05-20 03:48:55.684
40a1b592-82dc-49b3-82ad-9f214e1acdb9,59b885c5-a486-4521-a141-9b48cc0b7b3d,1.4,"{""1A"":1.2,""2B"":0.2}",0.5,2026-05-12 02:26:33.693925,,2026-05-12 02:26:31.755
4a5902a0-05ac-4e25-a77f-0f2dd85d061d,59b885c5-a486-4521-a141-9b48cc0b7b3d,0,{},0,2026-05-20 04:54:56.798528,,2026-05-20 04:54:53.794
4abcb038-6bca-4704-9921-74684772abb0,59b885c5-a486-4521-a141-9b48cc0b7b3d,0,{},0,2026-05-12 03:18:10.275709,,2026-05-12 03:18:08.269
4b4a1e70-c260-4806-83c1-60ce5b70aac0,59b885c5-a486-4521-a141-9b48cc0b7b3d,1.2,"{""2a"":1.2}",1,2026-05-14 02:33:59.432063,,2026-05-14 02:33:59.395
4d600382-aef1-4608-9926-fd953b6dd0f1,59b885c5-a486-4521-a141-9b48cc0b7b3d,2.2,"{""2a"":1.1}",0.5,2026-05-20 05:55:45.105124,,2026-05-20 05:55:42.014
4d9acb14-ec89-4c63-88bc-4abbd3179504,59b885c5-a486-4521-a141-9b48cc0b7b3d,1,"{""1a"":0.5}",0,2026-05-19 01:43:44.883071,,2026-05-19 01:43:43.325
5144f519-0332-4014-94d0-90349a711feb,59b885c5-a486-4521-a141-9b48cc0b7b3d,0.7,"{""1a"":0.7}",0,2026-05-19 03:26:34.22275,,2026-05-19 03:26:34.172
517e5496-fc91-4f75-85f0-a150247efaa8,59b885c5-a486-4521-a141-9b48cc0b7b3d,0,{},0,2026-05-20 04:12:07.599307,,2026-05-20 04:12:04.653
52f0f363-a0dc-451a-b1e8-dd0ca789d787,59b885c5-a486-4521-a141-9b48cc0b7b3d,0.7,"{""1a"":0.7}",0,2026-05-14 02:46:37.836807,,2026-05-14 02:46:37.823
55625bb5-bbfc-46bc-b467-7431a324b49c,240e26f2-9371-4d04-ac1e-f0bdabd74804,1.2,"{""2b"":0,""3a"":1.2}",0.333,2026-06-05 18:07:08.364328,,2026-06-05 18:07:08.325
56064cd2-d882-4c9a-a8da-138e084850e2,59b885c5-a486-4521-a141-9b48cc0b7b3d,0,{},0,2026-05-25 15:05:13.717408,,2026-05-25 15:05:13.689
561dbaab-26e0-41e4-bdb6-a0b797c715e7,1cd609cf-220b-4cca-9828-8dc713c96518,0,{},0,2026-05-12 01:11:20.124129,,2026-05-12 01:11:18.282
570240c7-cd18-4fa9-a9f9-6b2fa094490d,59b885c5-a486-4521-a141-9b48cc0b7b3d,0.7,"{""1a"":0.7}",0,2026-05-14 03:06:00.922409,,2026-05-14 03:06:00.907
58a73aec-a1a6-43f4-bc42-20f8b0293e0f,59b885c5-a486-4521-a141-9b48cc0b7b3d,0,"{""2b"":0}",0,2026-05-12 05:21:44.419601,,2026-05-12 05:21:42.269
5a11504c-e87b-49d3-9448-fd129d7db143,e53b248a-25e7-40b5-814f-d65394615c3c,2.1,"{""1a"":1.2,""3a"":0.9}",1,2026-05-25 22:44:39.530413,,2026-05-25 22:44:39.522
5c0c2cc0-ceda-4436-9a4c-a45f9dd27ec8,59b885c5-a486-4521-a141-9b48cc0b7b3d,0.5,"{""1a"":0.5}",0,2026-05-20 03:49:34.817875,,2026-05-20 03:49:31.898
5ccded9a-90a1-4878-8258-9e435606ba00,6382470f-620e-441a-bc0b-75a9dd57f138,9.2,"{""2a"":0.8,""2b"":0.65,""3a"":0.53}",0.5,2026-05-26 13:51:49.353669,,2026-05-26 13:51:49.316
5cffe3cd-8c96-4690-8ef3-c8a1c982bb56,59b885c5-a486-4521-a141-9b48cc0b7b3d,2.5,"{""1a"":0.83}",0.333,2026-05-19 01:36:57.729787,,2026-05-19 01:36:56.187
5f55ef42-e17a-4982-9cbc-88961832b792,59b885c5-a486-4521-a141-9b48cc0b7b3d,0.5,"{""2a"":0.5}",0,2026-05-20 04:36:59.027763,,2026-05-20 04:36:56.042
5f75d70b-b062-4caf-80e8-cf8f8211c1a0,2f0365ea-a5ff-4b29-a672-2d9f2e9d73e8,1,"{""1a"":1,""2b"":0}",0.5,2026-05-20 05:28:56.737115,,2026-05-20 05:28:56.73
62802478-3395-48e2-ba7a-5950c28198b4,59b885c5-a486-4521-a141-9b48cc0b7b3d,5.5,"{""1a"":1.1}",0.4,2026-05-13 20:33:18.231013,,2026-05-13 20:33:18.206
62856adc-830e-49b6-8324-4e7fa17cfcc5,e67fb5bd-9bbf-4ffc-9b26-20767063beab,1,"{""2a"":1}",1,2026-05-13 15:55:15.179129,,2026-05-13 15:55:15.152
6471efdb-dfd7-4d3e-8b49-22142980ebf0,59b885c5-a486-4521-a141-9b48cc0b7b3d,0.7,"{""2a"":0.7}",0,2026-05-20 19:45:29.004896,,2026-05-20 19:45:28.986
6478ed55-aef7-4a49-ba04-c518d96c9554,d39a8b6c-74a4-4a8b-ac38-6ceb71b4354d,7.2,"{""1a"":1.2,""2b"":0.75,""3a"":0.9}",0.875,2026-05-21 02:36:12.886062,,2026-05-21 02:36:12.874
653272f0-ff5c-46a8-871e-e58aee6273ba,3792864f-3238-40f9-8128-74a079a242c1,14.8,"{""1a"":1,""2a"":0.91,""2b"":0.52,""3a"":0.43}",0.583,2026-05-25 14:40:21.636961,,2026-05-25 14:40:21.619
65fe0a95-3136-4b76-a4bf-61fee1a8fd62,59b885c5-a486-4521-a141-9b48cc0b7b3d,1.2,"{""1A"":0.6}",0.5,2026-05-12 01:50:46.856582,,2026-05-12 01:50:44.939
673d378d-de63-4841-8a5d-d810a5d6f766,59b885c5-a486-4521-a141-9b48cc0b7b3d,1.2,"{""2a"":0.4}",0.333,2026-05-24 01:42:21.993694,,2026-05-24 01:42:21.982
68aa2d20-7562-4ca0-978a-fbf858506ba4,d39a8b6c-74a4-4a8b-ac38-6ceb71b4354d,7.8,"{""1a"":1.2,""2a"":1.13,""2b"":1,""3a"":1.1}",1,2026-05-24 21:40:04.050899,,2026-05-24 21:40:04.035
68db512f-956d-42d4-bae4-18699098486f,59b885c5-a486-4521-a141-9b48cc0b7b3d,1.5,"{""1a"":1.5}",1,2026-05-20 03:15:20.179371,,2026-05-20 03:15:20.161
69c293b3-26ee-45be-90bc-3deaaad54a5c,59b885c5-a486-4521-a141-9b48cc0b7b3d,1.5,"{""2a"":1.5}",1,2026-05-20 03:52:59.186424,,2026-05-20 03:52:56.271
6c8cb38b-c9ae-41f8-b8cc-88c059c37e53,59b885c5-a486-4521-a141-9b48cc0b7b3d,0.5,"{""2a"":0.5}",0,2026-05-14 03:13:05.007537,,2026-05-14 03:13:04.998
6e436ca2-1b29-44a8-893e-20e635327654,0d742029-1e08-45ed-9edc-2fc43d544633,0,{},0,2026-05-21 03:32:08.065467,,2026-05-21 03:32:08.043
6ec10f97-eeab-4880-a57c-58e2b7067b25,1cd609cf-220b-4cca-9828-8dc713c96518,0,{},0,2026-05-12 01:09:14.865512,,2026-05-12 01:09:13.018
7247acf6-622b-4df7-83ce-c08ca19c9c5a,d39a8b6c-74a4-4a8b-ac38-6ceb71b4354d,4.2,"{""1a"":1.05,""2a"":-0.1,""2b"":1.1}",0.8,2026-05-21 02:31:23.723632,,2026-05-21 02:31:23.7
748db449-aa84-428d-8134-6e4044e2108f,59b885c5-a486-4521-a141-9b48cc0b7b3d,6.9,"{""1A"":0.99}",0.857,2026-05-12 04:55:03.208553,,2026-05-12 04:55:01.086
7490f20d-4505-4361-aed9-f7d0e6a74e0e,c5129d74-1c0a-4067-b619-dfadbd918750,13.9,"{""1a"":0.53,""2a"":0.67,""2b"":0.42,""3a"":0.53}",0.423,2026-05-26 13:55:56.500616,,2026-05-26 13:55:56.49
76acc456-4059-4907-a1c5-c6528f0a1ad0,0d742029-1e08-45ed-9edc-2fc43d544633,0,"{""3a"":0}",0,2026-05-21 03:44:07.87044,,2026-05-21 03:44:07.865
79e4b4a8-78af-4939-a3a6-11219a06be9f,063b47d1-94bb-4248-803a-a1393cff0085,0,{},0,2026-06-01 15:48:04.908607,,2026-06-01 15:48:04.871
7a6b4615-6138-4c1c-9427-e68faf8754dd,59b885c5-a486-4521-a141-9b48cc0b7b3d,1,"{""2B"":0,""3A"":1}",0.5,2026-05-12 02:52:41.424942,,2026-05-12 02:52:39.451
7ca0eba7-faf5-442c-bc6d-b60432396d74,59b885c5-a486-4521-a141-9b48cc0b7b3d,0.5,"{""1a"":0.5}",0,2026-05-20 04:10:50.770716,,2026-05-20 04:10:47.834
7fcdccb5-dc18-494c-b603-ec275656706d,59b885c5-a486-4521-a141-9b48cc0b7b3d,0.5,"{""2a"":0.5}",0,2026-05-20 03:15:37.530566,,2026-05-20 03:15:37.523
80bdd523-b541-4365-a710-37d9dc6836d0,59b885c5-a486-4521-a141-9b48cc0b7b3d,3.9,"{""1a"":1.3}",0.667,2026-05-13 14:35:12.151542,,2026-05-13 14:35:12.133
82e0bcfd-5fd3-4d37-b917-4cd54a9d10db,59b885c5-a486-4521-a141-9b48cc0b7b3d,0,{},0,2026-05-14 02:52:54.746525,,2026-05-14 02:52:54.732
831e2db5-e32c-4aa7-adbc-98731e6f828b,59b885c5-a486-4521-a141-9b48cc0b7b3d,0,{},0,2026-05-14 02:40:20.785832,,2026-05-14 02:40:20.775
84861272-ae3f-4a22-ba61-aa90ee0ed675,59b885c5-a486-4521-a141-9b48cc0b7b3d,0,{},0,2026-05-20 04:31:10.525061,,2026-05-20 04:31:07.547
84fe9adb-d546-4a8d-b129-40b50fd67bc7,59b885c5-a486-4521-a141-9b48cc0b7b3d,0,{},0,2026-05-20 05:13:36.780681,,2026-05-20 05:13:33.764
8571856d-8348-46a0-8f6f-083acfed736f,59b885c5-a486-4521-a141-9b48cc0b7b3d,1,"{""2a"":1}",1,2026-05-29 19:56:59.215913,,2026-05-29 19:56:59.159
86dde0f8-8878-4569-9e9c-9446e1bf23ce,59b885c5-a486-4521-a141-9b48cc0b7b3d,3.3,"{""1a"":0.82}",0.25,2026-05-19 02:46:39.495858,,2026-05-19 02:46:37.848
86f0357c-c10a-4e2b-b699-b0f5cc05c10d,59b885c5-a486-4521-a141-9b48cc0b7b3d,0,{},0,2026-05-14 02:53:13.855864,,2026-05-14 02:53:13.843
873abb13-db10-4936-896b-eb300923af75,59b885c5-a486-4521-a141-9b48cc0b7b3d,0,{},0,2026-05-12 02:42:17.09641,,2026-05-12 02:42:15.125
88badbd0-3bb1-40fe-90a0-2283fcbbd515,6382470f-620e-441a-bc0b-75a9dd57f138,19.9,"{""1a"":0.86,""2a"":0.53,""2b"":0.53,""3a"":0.49}",0.469,2026-05-26 13:50:16.776322,,2026-05-26 13:50:16.763
88e2fd71-dc68-4636-99cc-e51d34538a60,59b885c5-a486-4521-a141-9b48cc0b7b3d,2.4,"{""2A"":1.2}",1,2026-05-12 02:15:08.6945,,2026-05-12 02:15:06.765
89b37155-daea-4f5d-90ab-bf8e6ea39e13,59b885c5-a486-4521-a141-9b48cc0b7b3d,0,{},0,2026-05-12 03:15:39.207261,,2026-05-12 03:15:37.205
8ad7f201-8bab-40ce-804a-54891405988d,240e26f2-9371-4d04-ac1e-f0bdabd74804,0,{},0,2026-06-05 18:05:27.397401,,2026-06-05 18:05:27.365
8c2b4646-fb4e-4add-95a3-4807c1619736,59b885c5-a486-4521-a141-9b48cc0b7b3d,0,{},0,2026-05-20 04:08:42.336056,,2026-05-20 04:08:39.395
8c49fb11-87ce-49f6-9a8e-153541760512,2f0365ea-a5ff-4b29-a672-2d9f2e9d73e8,1.1,"{""2b"":-0.1,""3a"":1.2}",0.5,2026-06-05 03:03:24.278607,,2026-06-05 03:03:24.248
8ce2a384-aa52-4660-afc3-e8e577bcc4d4,59b885c5-a486-4521-a141-9b48cc0b7b3d,0,{},0,2026-05-12 03:17:40.25095,,2026-05-12 03:17:38.248
8ed27e5d-0a8c-4b98-ad19-18ec451c31d4,0d742029-1e08-45ed-9edc-2fc43d544633,3.4,"{""1a"":0.55,""2b"":0.3}",0.375,2026-05-21 03:43:45.031218,,2026-05-21 03:43:45.021
8ef28c2c-cfbb-4704-8625-0c73595dc3ce,fb60c9a7-813e-4397-b185-20ab9bce2c3c,0,{},0,2026-05-20 19:46:19.524419,,2026-05-20 19:46:19.495
9195b753-aa1d-4fbd-b60e-bc77ec9e2c65,59b885c5-a486-4521-a141-9b48cc0b7b3d,0.5,"{""2a"":0.5}",0,2026-05-19 01:40:48.984227,,2026-05-19 01:40:47.425
94f3c3c8-fadc-47e8-9c42-f200a61d04e8,59b885c5-a486-4521-a141-9b48cc0b7b3d,2.8,"{""2a"":0.7}",0.5,2026-05-12 05:56:16.786797,,2026-05-12 05:56:14.586
967b4c6e-8208-4b8c-8efa-25e92c21c48f,59b885c5-a486-4521-a141-9b48cc0b7b3d,1.5,"{""2a"":1.5}",1,2026-05-14 02:53:25.071083,,2026-05-14 02:53:25.06
9aa254c7-bd0e-4cb8-9d8f-55d8f61bec40,59b885c5-a486-4521-a141-9b48cc0b7b3d,1.5,"{""2a"":1.5}",1,2026-05-20 04:30:00.015866,,2026-05-20 04:29:57.035
9b6bf70d-93bd-472e-912c-47cf4bdb73c6,59b885c5-a486-4521-a141-9b48cc0b7b3d,1.4,"{""2A"":0.7}",0.5,2026-05-12 04:18:03.857732,,2026-05-12 04:18:01.776
9b8911fd-df2b-44d4-8b25-4bfd6327f51a,2f0365ea-a5ff-4b29-a672-2d9f2e9d73e8,0.2,"{""2a"":0.2}",0,2026-05-20 07:08:14.757724,,2026-05-20 07:08:14.746
9c324707-efb0-47a6-a0e2-6d6a7fad3430,59b885c5-a486-4521-a141-9b48cc0b7b3d,2,"{""2a"":1}",0.5,2026-05-19 01:40:24.704464,,2026-05-19 01:40:23.15
9fe621d1-0f13-46c1-9a84-a28a4868c531,59b885c5-a486-4521-a141-9b48cc0b7b3d,1.7,"{""2a"":1.7}",1,2026-05-20 04:29:38.055553,,2026-05-20 04:29:35.094
a25e0e45-e039-40a9-9a26-252594cafc4a,59b885c5-a486-4521-a141-9b48cc0b7b3d,3.9,"{""2a"":1.3}",0.667,2026-05-21 23:41:57.525372,,2026-05-21 23:41:57.51
a50f5edd-46ce-4591-a2fb-759e58d2fc0e,59b885c5-a486-4521-a141-9b48cc0b7b3d,1,"{""2a"":0.5}",0,2026-05-19 02:37:45.152441,,2026-05-19 02:37:43.533
a639700d-b480-4345-9721-e6242e357318,59b885c5-a486-4521-a141-9b48cc0b7b3d,1.5,"{""1a"":1.5}",1,2026-05-19 01:45:31.4017,,2026-05-19 01:45:29.838
aa769a10-a7cc-4403-906e-cea12a9c3e58,59b885c5-a486-4521-a141-9b48cc0b7b3d,0,{},0,2026-05-14 02:52:59.910889,,2026-05-14 02:52:59.897
ab545e7a-aaa0-4169-88e5-172e58c2b74c,59b885c5-a486-4521-a141-9b48cc0b7b3d,1.2,"{""2b"":0.24}",0.2,2026-05-14 02:27:52.903884,,2026-05-14 02:27:52.892
afcee093-9063-4d69-959c-5a98ba4eae1c,59b885c5-a486-4521-a141-9b48cc0b7b3d,0,"{""2A"":0}",0,2026-05-12 05:03:07.752659,,2026-05-12 05:03:05.595
b160782f-456c-41ea-a9ef-a62511bedb97,59b885c5-a486-4521-a141-9b48cc0b7b3d,0.5,"{""2a"":0.5}",0,2026-05-20 04:11:51.305413,,2026-05-20 04:11:48.367
b2675213-9987-4c7c-8e5a-8936165467d2,59b885c5-a486-4521-a141-9b48cc0b7b3d,0,{},0,2026-05-14 03:12:57.229664,,2026-05-14 03:12:57.215
b5fa55cf-1f8d-4742-929c-cd0bc2a3d8c4,59b885c5-a486-4521-a141-9b48cc0b7b3d,1.7,"{""2a"":1.7}",1,2026-05-20 16:23:06.484547,,2026-05-20 16:23:06.465
b703c3ab-d1d2-49be-a6dc-48c57969c09e,59b885c5-a486-4521-a141-9b48cc0b7b3d,3.4,"{""1A"":1.13}",1,2026-05-12 02:19:53.84614,,2026-05-12 02:19:51.916
bb94758b-af8b-4390-acf2-cf570decc3d2,59b885c5-a486-4521-a141-9b48cc0b7b3d,2.6,"{""2a"":0.87}",0.667,2026-06-04 06:51:59.901518,,2026-06-04 06:51:59.882
be0fba92-130b-497d-975f-da12215a5daa,59b885c5-a486-4521-a141-9b48cc0b7b3d,3.4,"{""1A"":0.85}",0.75,2026-05-12 03:33:36.074691,,2026-05-12 03:33:34.051
bff19ba3-230a-478c-9dcb-54c997cc4e8c,59b885c5-a486-4521-a141-9b48cc0b7b3d,0,{},0,2026-05-14 02:53:18.133682,,2026-05-14 02:53:18.123
c10d115a-5474-417c-83ee-59939f7aadbf,9a184ed7-1429-4d49-a1f9-2ac59a28cc30,9.5,"{""1a"":0.9,""2a"":0.5,""2b"":0.49,""3a"":0}",0.368,2026-05-25 14:40:26.787189,,2026-05-25 14:40:26.756
c1e3107b-8ee7-455e-bc30-5641f07ffd82,59b885c5-a486-4521-a141-9b48cc0b7b3d,0,{},0,2026-05-12 02:31:33.204445,,2026-05-12 02:31:31.241
c23fecc5-535b-4b70-8603-31c595a719b1,2f0365ea-a5ff-4b29-a672-2d9f2e9d73e8,0.2,"{""1a"":0,""2a"":0,""2b"":0.1,""3a"":0}",0,2026-05-20 05:28:47.710663,,2026-05-20 05:28:47.703
c43794f0-d755-417e-9224-5c7ff4ca1ef3,59b885c5-a486-4521-a141-9b48cc0b7b3d,0.5,"{""2a"":0.5}",0,2026-05-20 04:36:16.513083,,2026-05-20 04:36:13.549
c4bb46ea-6d58-4f36-8d32-0336acae35dd,063b47d1-94bb-4248-803a-a1393cff0085,14.4,"{""1a"":1.2,""2a"":0.83,""2b"":0.7,""3a"":1.07}",0.765,2026-06-02 18:54:24.511839,,2026-06-02 18:54:24.465
c64c8eca-72f8-4e58-9963-ae4484821e7f,59b885c5-a486-4521-a141-9b48cc0b7b3d,1.4,"{""2a"":0.7}",0.5,2026-06-01 02:25:10.520538,,2026-06-01 02:25:10.509
c68ef864-2324-4553-8f9f-671c03d97552,bc524b28-e88b-4548-bbd3-f3babf00539f,26.5,"{""3a"":0.78}",0.676,2026-05-13 16:25:30.707233,,2026-05-13 16:25:30.69
c6cddd98-f636-4fe1-a626-58fa12130c3b,bc1e82bc-0efb-4981-87cb-70db4b77f42f,5.6,"{""1a"":0.7,""2a"":0.4,""2b"":0.53,""3a"":1}",0.4,2026-05-24 03:47:46.545813,,2026-05-24 03:47:46.536
c7825995-d3e5-4d03-a43e-09a57d4d97b5,59b885c5-a486-4521-a141-9b48cc0b7b3d,0.5,"{""2a"":0.5}",0,2026-05-20 05:56:27.797271,,2026-05-20 05:56:24.707
c9503749-a574-42ae-b5ea-4e98bce2d786,59b885c5-a486-4521-a141-9b48cc0b7b3d,0.5,"{""2a"":0.5}",0,2026-05-20 04:36:09.856078,,2026-05-20 04:36:06.877
c9996580-a1b1-4748-bce0-33ee1fed9b89,59b885c5-a486-4521-a141-9b48cc0b7b3d,2,"{""2a"":1}",0.5,2026-05-20 04:12:57.455723,,2026-05-20 04:12:54.504
cad8796f-1470-482d-848a-8ac7c29d8934,59b885c5-a486-4521-a141-9b48cc0b7b3d,0,{},0,2026-05-20 03:49:03.087493,,2026-05-20 03:49:00.17
cb94e0d2-a282-455b-b680-36ca3953a12b,59b885c5-a486-4521-a141-9b48cc0b7b3d,1.5,"{""1a"":1.5}",1,2026-05-20 04:29:27.164757,,2026-05-20 04:29:24.202
cd10f6f0-c385-4714-bae9-09656fd11a47,59b885c5-a486-4521-a141-9b48cc0b7b3d,0.2,"{""1A"":0.1}",0,2026-05-12 02:09:01.618107,,2026-05-12 02:08:59.691
ceb26897-dda0-4d69-b3c7-17e64e6353e2,59b885c5-a486-4521-a141-9b48cc0b7b3d,0,{},0,2026-05-14 02:40:26.412348,,2026-05-14 02:40:26.399
ceef3e75-7f50-4d9e-98af-b17b32b1be5b,59b885c5-a486-4521-a141-9b48cc0b7b3d,-0.1,"{""2A"":0,""2B"":-0.1}",0,2026-05-12 03:28:46.20897,,2026-05-12 03:28:44.197
ceef4168-9ff6-4139-9ddb-1ab4fbb5247b,59b885c5-a486-4521-a141-9b48cc0b7b3d,2.2,"{""2a"":1.1}",0.5,2026-05-20 04:30:51.27459,,2026-05-20 04:30:48.292
d1eeac11-0054-4e15-8cdc-969105eb646c,59b885c5-a486-4521-a141-9b48cc0b7b3d,0,{},0,2026-06-05 03:29:40.888347,,2026-06-05 03:29:38.933
d3fa7236-b2e2-49ad-9694-65e35f459059,240e26f2-9371-4d04-ac1e-f0bdabd74804,2.4,"{""1a"":1.2,""2b"":1.2}",1,2026-06-05 18:05:12.454546,,2026-06-05 18:05:12.407
d47001ba-df4c-4a15-87c9-9cd8246bd30e,59b885c5-a486-4521-a141-9b48cc0b7b3d,0,{},0,2026-05-20 05:13:25.861121,,2026-05-20 05:13:22.827
d637eb00-ab32-4e08-b760-48275fd05a31,59b885c5-a486-4521-a141-9b48cc0b7b3d,5.6,"{""2a"":0.7}",0.5,2026-05-12 05:55:25.319869,,2026-05-12 05:55:23.124
d64fd945-906e-450e-b98d-0c0710147fc4,59b885c5-a486-4521-a141-9b48cc0b7b3d,1,"{""3a"":0.5}",0,2026-05-14 02:40:16.518299,,2026-05-14 02:40:16.503
d7f7110d-2265-412b-96d7-3fe611cf9134,59b885c5-a486-4521-a141-9b48cc0b7b3d,5,"{""2a"":0.83}",0.333,2026-05-19 02:42:31.933,,2026-05-19 02:42:30.307
dcc4def3-ca3f-4e77-bb9a-c909d84d7059,59b885c5-a486-4521-a141-9b48cc0b7b3d,3.9,"{""2a"":1.3}",0.667,2026-05-22 02:40:25.943067,,2026-05-22 02:40:25.919
dce10aa2-960c-4ce2-b469-e0fc0f85d61e,59b885c5-a486-4521-a141-9b48cc0b7b3d,1.5,"{""1a"":1.5}",1,2026-05-20 04:11:25.734655,,2026-05-20 04:11:22.79
dfffb524-cd89-4b4b-bc49-a326eda236f4,e53b248a-25e7-40b5-814f-d65394615c3c,3.6,"{""2a"":0.44,""2b"":0.1,""3a"":1.2}",0.375,2026-05-25 22:39:04.300638,,2026-05-25 22:39:04.29
e089c8c8-ea21-4949-95b3-b245c49408ae,59b885c5-a486-4521-a141-9b48cc0b7b3d,0,{},0,2026-05-14 02:57:41.616545,,2026-05-14 02:57:41.604
e3a2e35e-f8db-4b3f-b01a-292d13a489aa,59b885c5-a486-4521-a141-9b48cc0b7b3d,3.7,"{""1a"":1.23}",0.667,2026-05-14 02:40:06.675165,,2026-05-14 02:40:06.661
e598f1bf-453b-4cb0-9e17-8547b1e3f23c,59b885c5-a486-4521-a141-9b48cc0b7b3d,0.5,"{""2a"":0.5}",0,2026-05-19 02:37:18.889258,,2026-05-19 02:37:17.27
e728bb9c-5d16-4cae-bd1c-ea08c242d525,d09b18d6-2a99-46b0-9a76-f0c710db48f9,11.4,"{""1a"":0.33,""2a"":0.52,""2b"":0.8,""3a"":0.56}",0.458,2026-05-25 14:40:15.382953,,2026-05-25 14:40:15.365
e7421138-49b4-451b-b8cd-8ffa8d0bfcd2,b3fd9bd7-d975-4922-b6a8-e588e4c0f5ad,0.1,"{""3a"":0.02}",0,2026-05-18 19:14:22.720246,,2026-05-18 19:14:22.704
e774674e-4ae0-47ab-aff3-7660f348eaa6,59b885c5-a486-4521-a141-9b48cc0b7b3d,1,"{""1A"":0.5}",0.5,2026-05-12 02:06:59.927488,,2026-05-12 02:06:58.01
eb735129-955d-437e-94e9-224f985fc6e3,0d742029-1e08-45ed-9edc-2fc43d544633,0,{},0,2026-05-21 03:32:18.295421,,2026-05-21 03:32:18.287
ebe0c23a-e3ae-4960-8a40-13ce12bd1e2d,59b885c5-a486-4521-a141-9b48cc0b7b3d,1.5,"{""2a"":1.5}",1,2026-05-19 01:40:34.636966,,2026-05-19 01:40:33.09
ed5d0462-87d9-464a-8aed-6c5f77e4c8a0,59b885c5-a486-4521-a141-9b48cc0b7b3d,0.7,"{""2a"":0.7}",0,2026-05-14 02:51:25.303318,,2026-05-14 02:51:25.257
edc60d91-e98f-454a-a0ae-42f31fe98c38,59b885c5-a486-4521-a141-9b48cc0b7b3d,0,{},0,2026-05-12 03:08:19.801122,,2026-05-12 03:08:17.777
f2227630-6c7f-4f8b-8d79-4b87b6513fc1,59b885c5-a486-4521-a141-9b48cc0b7b3d,0,{},0,2026-05-20 04:29:49.018469,,2026-05-20 04:29:46.06
f71ba92c-53ea-498a-bfec-d4f352025254,59b885c5-a486-4521-a141-9b48cc0b7b3d,1,"{""2a"":0.5}",0.5,2026-06-01 02:25:21.211235,,2026-06-01 02:25:21.195
f8a00219-e232-47cf-a530-d325ce39f954,59b885c5-a486-4521-a141-9b48cc0b7b3d,0,"{""2a"":0}",0,2026-05-12 05:29:35.329915,,2026-05-12 05:29:33.168
f9faf261-1d6d-4361-aa40-6dfd81ef9eec,59b885c5-a486-4521-a141-9b48cc0b7b3d,0,{},0,2026-05-12 03:18:01.940445,,2026-05-12 03:17:59.941
fa05d2d4-3618-45af-bb5c-3d350a827dc0,59b885c5-a486-4521-a141-9b48cc0b7b3d,0.5,"{""2a"":0.5}",0,2026-05-19 01:40:43.232881,,2026-05-19 01:40:41.689
fb616ef5-5d0e-4c5d-8369-ceb3fa3aefdd,59b885c5-a486-4521-a141-9b48cc0b7b3d,0,{},0,2026-05-19 01:45:23.018722,,2026-05-19 01:45:21.465
fd3ef955-a875-481b-94b0-420308760f33,59b885c5-a486-4521-a141-9b48cc0b7b3d,1.2,"{""2a"":1.2}",1,2026-05-13 14:38:51.042635,,2026-05-13 14:38:51.029
fd8c1bd8-84d3-4bb6-9ce7-adf76775d730,59b885c5-a486-4521-a141-9b48cc0b7b3d,0.5,"{""2a"":0.5}",0,2026-05-20 04:36:36.510442,,2026-05-20 04:36:33.519
fe3f1f96-7128-4214-bb2e-c46901949b22,2f0365ea-a5ff-4b29-a672-2d9f2e9d73e8,5.2,"{""2a"":0.7,""2b"":0.7,""3a"":1.2}",0.667,2026-05-20 07:08:04.109884,,2026-05-20 07:08:04.094
fffe0684-c585-4ae5-b774-0529023a984b,59b885c5-a486-4521-a141-9b48cc0b7b3d,7.3,"{""1a"":1.05,""2a"":1.2,""2b"":0.9,""3a"":1.03}",0.714,2026-05-12 06:10:05.610715,,2026-05-12 06:10:03.382