id,session_id,node,correct,difficulty,response_time,reward,created_at
003133c1-a141-4163-95b7-d29319dd0a30,88badbd0-3bb1-40fe-90a0-2283fcbbd515,2a,true,1,6159,0.53,2026-05-26 13:50:16.793
00bab9be-4556-4a20-8707-ddafe09ba56c,385b9b0f-a03b-43e0-bea3-7c91eb219d60,2b,true,1,6303,0.71,2026-05-25 14:39:05.552
013d157e-5964-4721-a93b-294293d73019,02e5a5e0-d51e-427c-8d36-524c164a21c5,1a,true,1,15140,1.07,2026-05-12 05:25:47.16
01534171-6df0-41cf-b1b0-bf94e05cfa97,116051cc-fac5-4e4a-91ec-6d65bbe6d61d,2b,true,1,13976,1.01,2026-05-19 01:37:11.067
016ca3be-f154-4bdd-8032-9a7bef4bf16d,b703c3ab-d1d2-49be-a6dc-48c57969c09e,1A,true,1,22115,1.13,2026-05-12 02:19:52.091
01fd4acf-62dd-4726-aa81-afb528591713,88badbd0-3bb1-40fe-90a0-2283fcbbd515,2a,true,1,14496,0.53,2026-05-26 13:50:16.793
02a306a3-6699-44ac-9b05-a921fea5fe60,d7f7110d-2265-412b-96d7-3fe611cf9134,2a,false,2,1315,0.83,2026-05-19 02:42:30.486
02ab20ab-062b-4f32-84bb-54c5d23f8e9c,c10d115a-5474-417c-83ee-59939f7aadbf,1a,true,1,4158,0.9,2026-05-25 14:40:26.794
02bd6074-c874-47e3-9b21-9db34b8675ca,1a41e280-39b0-4c0d-a100-36904450a9e0,2a,true,1,15390,0.66,2026-05-19 01:30:37.927
02f8d116-e8f7-477d-990d-d340aba6dbdd,9195b753-aa1d-4fbd-b60e-bc77ec9e2c65,2a,false,2,1117,0.5,2026-05-19 01:40:47.616
03906487-c684-425d-9aaf-b6bfb01b2ec0,3256667d-7f91-4972-8a21-a6694e7e4e08,1A,false,1,2775,0.6,2026-05-12 02:04:32.931
03bbb219-9bf1-47e5-a41b-ec9d15260af0,5f75d70b-b062-4caf-80e8-cf8f8211c1a0,2b,false,1,1008,0,2026-05-20 05:28:56.749
03eb81da-188c-4032-9a99-7a2d14c8c318,7247acf6-622b-4df7-83ce-c08ca19c9c5a,2b,true,1,4645,1.1,2026-05-21 02:31:23.739
03fcf84a-f26b-4acd-957b-984cca535062,58a73aec-a1a6-43f4-bc42-20f8b0293e0f,2b,false,1,1901,0,2026-05-12 05:21:42.436
04d78540-8555-448d-a11a-8a761a468251,8ed27e5d-0a8c-4b98-ad19-18ec451c31d4,2b,false,1,1373,0.3,2026-05-21 03:43:45.048
04eb3105-2109-4b4f-ad9d-f6e10501ccf9,68aa2d20-7562-4ca0-978a-fbf858506ba4,1a,true,1,10791,1.2,2026-05-24 21:40:04.067
053eea34-a55f-41b4-a64c-d37ed1bdd023,e728bb9c-5d16-4cae-bd1c-ea08c242d525,2a,false,1,10937,0.52,2026-05-25 14:40:15.388
056804fc-a5e2-47fd-b24a-0e38fd24606c,62802478-3395-48e2-ba7a-5950c28198b4,1a,true,2,4961,1.1,2026-05-13 20:33:18.241
059a4463-f19a-48e2-b00b-1ff3afade604,116051cc-fac5-4e4a-91ec-6d65bbe6d61d,2b,false,1,12001,1.01,2026-05-19 01:37:11.067
05a9864e-fa6d-4e9f-9515-257b54297f2f,116051cc-fac5-4e4a-91ec-6d65bbe6d61d,2b,true,1,12569,1.01,2026-05-19 01:37:11.067
062cfae9-11cf-40f9-a35f-8bd36a98a6f6,e728bb9c-5d16-4cae-bd1c-ea08c242d525,1a,false,1,38933,0.33,2026-05-25 14:40:15.388
06acbf64-3d0d-4e30-a8ea-a33b0376bfac,c68ef864-2324-4553-8f9f-671c03d97552,3a,true,1,25951,0.78,2026-05-13 16:25:30.723
06b675c7-e52f-463a-ab98-99a2d689f21c,c68ef864-2324-4553-8f9f-671c03d97552,3a,true,1,18018,0.78,2026-05-13 16:25:30.722
06cc5c00-8a9b-4b58-83c9-b470de9a5658,c10d115a-5474-417c-83ee-59939f7aadbf,2a,true,1,10200,0.5,2026-05-25 14:40:26.794
06dc351f-0c2a-4f59-bc1c-fca61121e4a7,c68ef864-2324-4553-8f9f-671c03d97552,3a,false,1,96537,0.78,2026-05-13 16:25:30.723
07b02690-3e97-495a-b9f5-222ce33522f6,e3a2e35e-f8db-4b3f-b01a-292d13a489aa,1a,true,2,3348,1.23,2026-05-14 02:40:06.685
0839774c-2461-4fbf-960c-006343d20a65,c10d115a-5474-417c-83ee-59939f7aadbf,3a,false,1,4733,0,2026-05-25 14:40:26.794
0894ce69-44a2-47e3-b13e-73e31c4a5eee,047ee5eb-7990-4bf3-8d37-3cb3293daf73,1a,false,1,38522,0.43,2026-05-25 22:35:19.718
0899ab3e-76b6-4411-9881-71964d30b4d5,0566a902-0011-4de3-bd57-939a58c33a4e,3a,true,1,232193,0.86,2026-05-12 05:43:51.737
08a6645d-ea41-4720-ae01-6abe62c5e5cc,e728bb9c-5d16-4cae-bd1c-ea08c242d525,1a,false,1,37220,0.33,2026-05-25 14:40:15.388
09100057-05bf-481a-a7bb-9b24566c1749,0566a902-0011-4de3-bd57-939a58c33a4e,3a,false,1,5342,0.86,2026-05-12 05:43:51.737
09c4f676-3fee-4e9a-ac7a-7aefe2f190ea,116051cc-fac5-4e4a-91ec-6d65bbe6d61d,2b,true,1,9212,1.01,2026-05-19 01:37:11.067
0a0ecffe-b7bc-4215-9433-408313ca9adf,c4bb46ea-6d58-4f36-8d32-0336acae35dd,2b,true,1,18899,0.7,2026-06-02 18:54:24.546
0a61514a-1768-4ee0-bb34-e44c11cb45fb,116051cc-fac5-4e4a-91ec-6d65bbe6d61d,2b,true,1,6157,1.01,2026-05-19 01:37:11.067
0aab0060-49ec-49d4-8dd0-4e5c75841c1e,86dde0f8-8878-4569-9e9c-9446e1bf23ce,1a,false,3,3047,0.82,2026-05-19 02:46:38.045
0bb2b8f9-57fe-42c8-b76d-c128ebce76bb,c4bb46ea-6d58-4f36-8d32-0336acae35dd,2a,true,1,12132,0.83,2026-06-02 18:54:24.545
0c243a6e-b25a-42a4-a670-9f4ecc698570,3b66e181-a187-4ac9-8222-4f978449ad19,3a,false,2,939,0.5,2026-05-19 01:41:03.818
0c2f93f1-177d-49c6-afdf-52333ad47e4c,dfffb524-cd89-4b4b-bc49-a326eda236f4,2a,false,1,29913,0.44,2026-05-25 22:39:04.313
0c6a4ca3-71e1-4f08-a989-d73905ccaa7e,0566a902-0011-4de3-bd57-939a58c33a4e,3a,true,1,9957,0.86,2026-05-12 05:43:51.737
0c7b80fb-31b6-4ea4-93c0-d0d23d0d9b3b,c10d115a-5474-417c-83ee-59939f7aadbf,2b,false,1,5788,0.49,2026-05-25 14:40:26.794
0d0f9a29-7522-4fd7-98f8-1eb6160e45e7,385b9b0f-a03b-43e0-bea3-7c91eb219d60,3a,true,1,2677,0.55,2026-05-25 14:39:05.552
0ea47d63-b427-4c91-8507-c0c763e42e42,653272f0-ff5c-46a8-871e-e58aee6273ba,2b,false,1,7821,0.52,2026-05-25 14:40:21.642
0ecd0c46-77fc-4ce3-ad39-a732c7f5c752,8ed27e5d-0a8c-4b98-ad19-18ec451c31d4,1a,false,1,8997,0.55,2026-05-21 03:43:45.048
0f177e2e-9f22-46f6-936e-e3e70ccb4301,116051cc-fac5-4e4a-91ec-6d65bbe6d61d,2b,false,1,20562,1.01,2026-05-19 01:37:11.067
0f17d31f-dc48-4001-bbe4-63f685e5ec84,5f55ef42-e17a-4982-9cbc-88961832b792,2a,false,3,1342,0.5,2026-05-20 04:36:56.222
0f44b1c4-c856-44d3-b7bf-4f15224f86fe,5f75d70b-b062-4caf-80e8-cf8f8211c1a0,1a,true,1,1110,1,2026-05-20 05:28:56.749
100ec855-0d92-4252-97b2-bd98db05b3c2,88badbd0-3bb1-40fe-90a0-2283fcbbd515,2a,true,1,4479,0.53,2026-05-26 13:50:16.793
10135185-3374-44ac-abfb-45ae9b1c6382,23ddf0b2-1d9b-4104-9b07-a2e9da3a79ac,1a,false,3,5849,0.97,2026-05-20 04:28:18.692
107b3cc4-33e0-41c8-bd9d-bec208db79a4,68aa2d20-7562-4ca0-978a-fbf858506ba4,2a,true,1,8896,1.13,2026-05-24 21:40:04.067
11f75dd6-79df-4cf3-943e-db093f952b29,2191e67c-58b6-4b75-bcfb-c39d95456781,1A,true,1,3400,1.05,2026-05-12 05:01:39.231
12c51fcb-892f-4345-ba1a-106773a34266,0566a902-0011-4de3-bd57-939a58c33a4e,3a,true,1,4312,0.86,2026-05-12 05:43:51.737
12d6f7c6-59bd-43b2-81c4-c90d9f76b80a,c68ef864-2324-4553-8f9f-671c03d97552,3a,true,1,12860,0.78,2026-05-13 16:25:30.723
12f4c0a9-083b-4a3b-82fd-9cc07a380eb0,9b6bf70d-93bd-472e-912c-47cf4bdb73c6,2A,false,1,5421,0.7,2026-05-12 04:18:01.937
13b8aea9-ec56-435f-99eb-4e66c0d5d9ef,c68ef864-2324-4553-8f9f-671c03d97552,3a,true,1,3783,0.78,2026-05-13 16:25:30.723
13bff2d7-6043-4b59-9555-6c80d4b1b885,e3a2e35e-f8db-4b3f-b01a-292d13a489aa,1a,false,2,1443,1.23,2026-05-14 02:40:06.685
1428c0c0-77af-4356-9b8f-bc664b967002,653272f0-ff5c-46a8-871e-e58aee6273ba,2a,true,1,40888,0.91,2026-05-25 14:40:21.642
14454bff-4a8c-47e2-9ce2-d37f36182739,2191e67c-58b6-4b75-bcfb-c39d95456781,3A,true,1,42399,0.9,2026-05-12 05:01:39.231
14735386-52e9-497a-862c-43e0319570bf,7490f20d-4505-4361-aed9-f7d0e6a74e0e,1a,false,1,10277,0.53,2026-05-26 13:55:56.521
154d6d94-d3fe-4315-b772-78f4bac0d498,23ddf0b2-1d9b-4104-9b07-a2e9da3a79ac,1a,false,3,1830,0.97,2026-05-20 04:28:18.692
15bce6f8-e492-4c2c-a097-7cd0102fb35c,c4bb46ea-6d58-4f36-8d32-0336acae35dd,1a,true,1,9499,1.2,2026-06-02 18:54:24.545
15e4c72a-da45-417d-bccc-9a4a2274795c,c68ef864-2324-4553-8f9f-671c03d97552,3a,true,1,9778,0.78,2026-05-13 16:25:30.722
16e1216c-30c9-42f5-a6ee-a1d575fe3d16,5a11504c-e87b-49d3-9448-fd129d7db143,3a,true,1,53402,0.9,2026-05-25 22:44:39.544
16e6bc63-16ec-48f8-a08d-5008665d79c9,88badbd0-3bb1-40fe-90a0-2283fcbbd515,3a,false,1,7465,0.49,2026-05-26 13:50:16.793
18282a4b-18c8-4f88-bd79-b7c7669c4ef8,bb94758b-af8b-4390-acf2-cf570decc3d2,2a,true,4,4840,0.87,2026-06-04 06:51:59.924
18373f9c-04f9-4431-991a-d24ba6cc4866,385b9b0f-a03b-43e0-bea3-7c91eb219d60,1a,true,1,25190,1,2026-05-25 14:39:05.552
1857c2e6-044d-4b35-aa9f-5a5f3784b109,8c49fb11-87ce-49f6-9a8e-153541760512,3a,true,1,5596,1.2,2026-06-05 03:03:24.328
1889b427-922b-4c87-9be6-c27cd69b911f,653272f0-ff5c-46a8-871e-e58aee6273ba,2a,true,1,11415,0.91,2026-05-25 14:40:21.642
18cb8618-098f-48da-a137-08f10fb542d3,047ee5eb-7990-4bf3-8d37-3cb3293daf73,1a,true,1,40708,0.43,2026-05-25 22:35:19.718
18d05e54-d3a9-4000-a61b-ce5fbae8c8b4,385b9b0f-a03b-43e0-bea3-7c91eb219d60,2a,true,1,4069,0.98,2026-05-25 14:39:05.552
18dbc99f-2543-49c4-8091-c11d270aff8c,cd10f6f0-c385-4714-bae9-09656fd11a47,1A,false,1,1443,0.1,2026-05-12 02:08:59.87
18e95984-076e-4dc1-a80d-3adbf10babf1,0566a902-0011-4de3-bd57-939a58c33a4e,3a,true,1,11468,0.86,2026-05-12 05:43:51.737
19c9d438-ee53-4e12-8b49-49c4a7cdcdd2,65fe0a95-3136-4b76-a4bf-61fee1a8fd62,1A,false,1,1187,0.6,2026-05-12 01:50:45.152
1a07f8a6-1eb5-4ae6-ac37-65c264aeb877,158c6a41-03a9-4716-ae0b-f0f91e31274b,1a,true,1,38606,0.37,2026-05-21 03:39:25.815
1a30fd2b-44c9-4b57-93dc-0e5153857a02,280f31aa-cae6-4641-bba5-766a437cffce,2a,false,4,135161,0.33,2026-06-05 02:59:53.877
1acb58c6-c4bd-44b6-a7a2-eeef66859b33,116051cc-fac5-4e4a-91ec-6d65bbe6d61d,2b,true,1,9030,1.01,2026-05-19 01:37:11.067
1b53f787-a2ec-4d28-8331-0aef5a6a64c1,dfffb524-cd89-4b4b-bc49-a326eda236f4,2a,false,1,17974,0.44,2026-05-25 22:39:04.313
1c044c5e-e96a-49ae-baca-b9970d0e2771,158c6a41-03a9-4716-ae0b-f0f91e31274b,3a,true,1,84487,1.03,2026-05-21 03:39:25.815
1cf918c1-e562-4538-a224-419f866166c1,e728bb9c-5d16-4cae-bd1c-ea08c242d525,1a,false,1,235007,0.33,2026-05-25 14:40:15.388
1d110c39-943d-4d52-84a8-f0ef6e9617cd,88badbd0-3bb1-40fe-90a0-2283fcbbd515,1a,true,1,13319,0.86,2026-05-26 13:50:16.793
1e65233d-091e-4c2c-b8a5-4b559b40d146,0b362aee-bed8-4115-b912-c78554b9dfb2,3A,false,1,4633,0.7,2026-05-12 05:17:22.91
1f0b80e7-fdbd-4a42-b457-537484bcecb4,8ed27e5d-0a8c-4b98-ad19-18ec451c31d4,2b,true,1,5632,0.3,2026-05-21 03:43:45.048
1f44544a-af65-4ca3-a2fb-2d0ed52e53a4,748db449-aa84-428d-8134-6e4044e2108f,1A,true,1,5264,0.99,2026-05-12 04:55:01.26
1f487005-4429-4f15-80c5-1982b5d5e8b2,33a904fc-9ccf-4c52-9196-1e62b444457e,1A,true,1,15167,1,2026-05-12 02:23:59.746
1f519573-dd7c-464e-9ce9-985322b8e7a3,6478ed55-aef7-4a49-ba04-c518d96c9554,2b,true,1,13757,0.75,2026-05-21 02:36:12.895
2004e7ae-b257-4cad-a40d-8b2676a8f373,c6cddd98-f636-4fe1-a626-58fa12130c3b,2a,false,1,14194,0.4,2026-05-24 03:47:46.571
20acc562-ad2d-4561-92ba-647161bfcd2a,116051cc-fac5-4e4a-91ec-6d65bbe6d61d,2b,true,1,6270,1.01,2026-05-19 01:37:11.067
20bf0a97-b87c-4f23-ac0e-5fd9c6a77505,e728bb9c-5d16-4cae-bd1c-ea08c242d525,1a,false,1,34706,0.33,2026-05-25 14:40:15.388
210f7fb7-816c-4e18-a843-a386116c42ba,6478ed55-aef7-4a49-ba04-c518d96c9554,2b,true,1,48955,0.75,2026-05-21 02:36:12.895
21356083-6f38-4c9a-893d-85daf41365cb,c4bb46ea-6d58-4f36-8d32-0336acae35dd,2b,false,1,19745,0.7,2026-06-02 18:54:24.546
2166cc1f-005a-4d00-a1aa-fa94164928b2,c68ef864-2324-4553-8f9f-671c03d97552,3a,true,1,6864,0.78,2026-05-13 16:25:30.723
21ea2f90-0f07-43cc-b330-ddfc18b4bc9e,e7421138-49b4-451b-b8cd-8ffa8d0bfcd2,3a,false,1,18516,0.02,2026-05-18 19:14:22.735
22bbd0d2-405a-4d13-8935-bd8a56aa12da,a50f5edd-46ce-4591-a2fb-759e58d2fc0e,2a,false,2,1838,0.5,2026-05-19 02:37:43.712
24b29fb4-2e78-4fd4-883f-8238d336f877,8ed27e5d-0a8c-4b98-ad19-18ec451c31d4,2b,false,1,1273,0.3,2026-05-21 03:43:45.048
24b3bae7-bd09-43e6-84f9-594c548e54bb,116051cc-fac5-4e4a-91ec-6d65bbe6d61d,2b,true,1,9824,1.01,2026-05-19 01:37:11.067
2539c266-295b-4b16-a701-8e84a601ed74,c4bb46ea-6d58-4f36-8d32-0336acae35dd,2b,false,1,14048,0.7,2026-06-02 18:54:24.546
254ff53a-8d15-4571-9b78-9a9e01ac1a4d,e7421138-49b4-451b-b8cd-8ffa8d0bfcd2,3a,false,1,29206,0.02,2026-05-18 19:14:22.735
25e8e619-1521-4505-b489-6e250d9a88c0,88badbd0-3bb1-40fe-90a0-2283fcbbd515,3a,false,1,9782,0.49,2026-05-26 13:50:16.793
2610c5c7-c80f-4541-a437-08236071b100,653272f0-ff5c-46a8-871e-e58aee6273ba,2a,true,1,10728,0.91,2026-05-25 14:40:21.642
2614396a-7bb3-49f8-a7ca-b1bca7e898ed,385b9b0f-a03b-43e0-bea3-7c91eb219d60,3a,true,1,61557,0.55,2026-05-25 14:39:05.552
26a061d0-dd2a-4877-8d5e-de8ebedf7e60,385b9b0f-a03b-43e0-bea3-7c91eb219d60,2a,true,1,67754,0.98,2026-05-25 14:39:05.552
276d5de1-0243-4315-b0ea-4a7a315187f1,c6cddd98-f636-4fe1-a626-58fa12130c3b,3a,true,1,15864,1,2026-05-24 03:47:46.571
285494c9-92d9-454d-9044-78c12bb31393,b703c3ab-d1d2-49be-a6dc-48c57969c09e,1A,true,1,14653,1.13,2026-05-12 02:19:52.091
28cacc1c-0033-45fb-a37a-b552065812e2,4d9acb14-ec89-4c63-88bc-4abbd3179504,1a,false,3,1328,0.5,2026-05-19 01:43:43.513
2a3f235f-c6b8-4a2b-86b3-9ac977306051,c4bb46ea-6d58-4f36-8d32-0336acae35dd,2b,true,1,24161,0.7,2026-06-02 18:54:24.546
2a49a3aa-477e-4978-93cb-3e14f11745af,c10d115a-5474-417c-83ee-59939f7aadbf,2b,false,1,7698,0.49,2026-05-25 14:40:26.794
2b26814b-a2c7-406a-91c3-9321db3993f9,c4bb46ea-6d58-4f36-8d32-0336acae35dd,2a,false,1,11807,0.83,2026-06-02 18:54:24.545
2b2d23a7-2fc2-46c5-8b39-05183dfb6259,385b9b0f-a03b-43e0-bea3-7c91eb219d60,2a,true,1,1173,0.98,2026-05-25 14:39:05.552
2bae3e12-b10f-40a1-907e-787e253342e7,116051cc-fac5-4e4a-91ec-6d65bbe6d61d,2b,true,1,7152,1.01,2026-05-19 01:37:11.067
2bc55bc8-9753-4957-a96c-4e2e83e2f08d,40a1b592-82dc-49b3-82ad-9f214e1acdb9,2B,false,1,6030,0.2,2026-05-12 02:26:31.933
2c7dde09-4cfa-4b0a-9838-f9b2b48048a2,e7421138-49b4-451b-b8cd-8ffa8d0bfcd2,3a,false,1,21124,0.02,2026-05-18 19:14:22.735
2de79241-354b-46a1-b584-675498191854,88badbd0-3bb1-40fe-90a0-2283fcbbd515,1a,false,1,7083,0.86,2026-05-26 13:50:16.793
2e5994da-c8d2-463d-8b87-6cdab868f0ef,385b9b0f-a03b-43e0-bea3-7c91eb219d60,2b,true,1,71128,0.71,2026-05-25 14:39:05.552
2f764e3d-4f2d-4b4b-a275-e5dadf776168,dcc4def3-ca3f-4e77-bb9a-c909d84d7059,2a,true,3,16868,1.3,2026-05-22 02:40:25.957
2f76873d-0102-49c3-8568-7992726e92d8,385b9b0f-a03b-43e0-bea3-7c91eb219d60,3a,false,1,32032,0.55,2026-05-25 14:39:05.552
2f86f2fc-aaac-4215-996d-5684bdac538a,047ee5eb-7990-4bf3-8d37-3cb3293daf73,2a,true,1,8281,1.1,2026-05-25 22:35:19.718
3008e09e-a2e5-407e-989e-47c22f5cf877,5ccded9a-90a1-4878-8258-9e435606ba00,2a,false,1,7994,0.8,2026-05-26 13:51:49.374
304fdc2c-78cc-4327-b818-d01ec29411be,86dde0f8-8878-4569-9e9c-9446e1bf23ce,1a,false,3,11995,0.82,2026-05-19 02:46:38.045
3129c2a5-0a28-43c9-95b4-0407bc4fa461,5cffe3cd-8c96-4690-8ef3-c8a1c982bb56,1a,false,3,1044,0.83,2026-05-19 01:36:56.372
31fb7f4b-13bc-414d-bf1c-478b2b146e43,c10d115a-5474-417c-83ee-59939f7aadbf,2b,false,1,4386,0.49,2026-05-25 14:40:26.794
325dac55-2364-43e4-9c71-0313dd561b58,55625bb5-bbfc-46bc-b467-7431a324b49c,3a,true,1,11572,1.2,2026-06-05 18:07:08.369
33330db2-154f-4a78-b20b-6d0ecf8f08e5,116051cc-fac5-4e4a-91ec-6d65bbe6d61d,2b,false,1,9716,1.01,2026-05-19 01:37:11.067
33c0b41f-b99f-44a9-b118-f356b4b1cdfb,62856adc-830e-49b6-8324-4e7fa17cfcc5,2a,true,1,16543,1,2026-05-13 15:55:15.226
342fb83b-3dde-4003-8855-d64be20c5432,e728bb9c-5d16-4cae-bd1c-ea08c242d525,3a,false,1,28759,0.56,2026-05-25 14:40:15.388
3475a16b-c95f-4a73-8b73-8601f43937e6,88badbd0-3bb1-40fe-90a0-2283fcbbd515,2a,false,1,28326,0.53,2026-05-26 13:50:16.793
3537a409-eefd-4ba3-83e4-3d98b407e713,c68ef864-2324-4553-8f9f-671c03d97552,3a,true,1,46393,0.78,2026-05-13 16:25:30.723
355fdf9e-79df-4daf-b09b-d3e130276f72,c68ef864-2324-4553-8f9f-671c03d97552,3a,true,1,4724,0.78,2026-05-13 16:25:30.723
3604dcc7-1e70-4490-a213-61a320b15e76,047ee5eb-7990-4bf3-8d37-3cb3293daf73,3a,true,1,13163,1.2,2026-05-25 22:35:19.718
368af1e4-9f51-4064-a9de-05bb151c2e02,0566a902-0011-4de3-bd57-939a58c33a4e,3a,false,1,14316,0.86,2026-05-12 05:43:51.737
36f07566-da4f-45f4-845f-157431b94d05,08051ed0-1a00-45ef-ba4e-ece868c3bdc9,2b,true,1,249362,0.67,2026-05-12 05:53:25.638
37db82f7-36ed-40fb-aa2b-caab857c7308,c64c8eca-72f8-4e58-9963-ae4484821e7f,2a,true,4,10647,0.7,2026-06-01 02:25:10.538
38bdfd55-f839-48ff-ae43-39116288d30d,6478ed55-aef7-4a49-ba04-c518d96c9554,3a,true,1,52025,0.9,2026-05-21 02:36:12.895
3913fedc-9508-4d5b-809e-0f4523777cee,d7f7110d-2265-412b-96d7-3fe611cf9134,2a,false,2,959,0.83,2026-05-19 02:42:30.486
3939799a-5fd4-4cc2-9710-a9c226686cae,02a0caf4-97d8-428e-a36d-c02c6f5f3bea,2b,false,1,9011,0.6,2026-05-21 03:42:48.736
39e3f5ec-0754-4d04-b284-9b3e182bb804,ceef3e75-7f50-4d9e-98af-b17b32b1be5b,2A,false,1,28656,0,2026-05-12 03:28:44.364
3b1c118b-1245-4ea2-87f8-34af42c7748f,7490f20d-4505-4361-aed9-f7d0e6a74e0e,2b,false,1,21248,0.42,2026-05-26 13:55:56.521
3b470e99-5ac3-4b44-a5e9-7a3ed3ca3f1a,1eec06e6-8310-4953-924b-aa5db62d202c,2B,true,1,5616,1.2,2026-05-12 03:19:16.701
3bb0f62c-d0d5-41b0-a9a2-d51962555cd9,c68ef864-2324-4553-8f9f-671c03d97552,3a,true,1,70907,0.78,2026-05-13 16:25:30.723
3de5f3ab-bbd4-43ef-9470-6e82b57f6d3e,15350eaa-c240-408f-8349-ef109467d00e,2a,false,1,22493,0.6,2026-05-20 19:48:13.539
3eb46376-f9e7-44ad-aca4-3006bbfd3138,385b9b0f-a03b-43e0-bea3-7c91eb219d60,3a,true,1,1183,0.55,2026-05-25 14:39:05.552
3f890e02-b1da-44de-b1c8-dbb89ba76728,9c324707-efb0-47a6-a0e2-6d6a7fad3430,2a,true,2,2662,1,2026-05-19 01:40:23.334
3fa2da5c-144c-4f98-b69d-7530fdd72111,80bdd523-b541-4365-a710-37d9dc6836d0,1a,true,2,15895,1.3,2026-05-13 14:35:12.176
402f5b81-79b2-4b9e-8a79-c2ed37e7dd3e,fffe0684-c585-4ae5-b774-0529023a984b,2a,true,1,7319,1.2,2026-05-12 06:10:03.572
406f9855-108c-49a3-9cd9-cadb9599d264,e728bb9c-5d16-4cae-bd1c-ea08c242d525,1a,false,1,6371,0.33,2026-05-25 14:40:15.388
413fd758-e6b0-4fc0-bb51-5fff5bc37f7b,69c293b3-26ee-45be-90bc-3deaaad54a5c,2a,true,2,2353,1.5,2026-05-20 03:52:56.45
415b98f4-f0b7-4b6a-adb7-21ef86947301,c68ef864-2324-4553-8f9f-671c03d97552,3a,false,1,6798,0.78,2026-05-13 16:25:30.723
41c43dc4-96af-475b-baeb-db14d370ddf7,bb94758b-af8b-4390-acf2-cf570decc3d2,2a,true,4,5028,0.87,2026-06-04 06:51:59.924
42081004-d578-45a6-a711-8c690f94c382,e728bb9c-5d16-4cae-bd1c-ea08c242d525,1a,true,1,237155,0.33,2026-05-25 14:40:15.388
42eebdab-a6a9-49d2-8f66-41a15097e862,d637eb00-ab32-4e08-b760-48275fd05a31,2a,false,1,8706,0.7,2026-05-12 05:55:23.301
4367fb2d-b623-4202-b058-8ec18149d03d,dfffb524-cd89-4b4b-bc49-a326eda236f4,2a,false,1,17489,0.44,2026-05-25 22:39:04.313
444141e1-31f9-4069-980f-e2cc78b049bd,c10d115a-5474-417c-83ee-59939f7aadbf,2a,true,1,5301,0.5,2026-05-25 14:40:26.794
4550d94f-7323-4721-b3eb-2da87dce3d7a,6478ed55-aef7-4a49-ba04-c518d96c9554,2b,false,1,30377,0.75,2026-05-21 02:36:12.895
459cdeab-67dd-46e6-a997-a950c025f180,c4bb46ea-6d58-4f36-8d32-0336acae35dd,2a,true,1,17455,0.83,2026-06-02 18:54:24.545
46833af9-506d-4a9d-95b6-fa3cddc8d4f7,385b9b0f-a03b-43e0-bea3-7c91eb219d60,2a,true,1,47425,0.98,2026-05-25 14:39:05.552
471dfdc0-3e1e-4371-8061-fb0daefd767a,116051cc-fac5-4e4a-91ec-6d65bbe6d61d,2b,true,1,13859,1.01,2026-05-19 01:37:11.067
477a1b22-ad2c-47d0-9582-d8849e6f74e9,be0fba92-130b-497d-975f-da12215a5daa,1A,false,1,2051,0.85,2026-05-12 03:33:34.228
477fd29f-10a4-4a84-bf5c-e884ff40a0ad,e728bb9c-5d16-4cae-bd1c-ea08c242d525,3a,true,1,18536,0.56,2026-05-25 14:40:15.388
484b9743-7b74-4a62-a55d-4f008e587bb7,7490f20d-4505-4361-aed9-f7d0e6a74e0e,1a,false,1,9672,0.53,2026-05-26 13:55:56.521
4878e1cf-b255-4bd7-98c3-dfb15f797bfc,88badbd0-3bb1-40fe-90a0-2283fcbbd515,1a,true,1,7873,0.86,2026-05-26 13:50:16.793
48ee64be-3631-4fd8-ba40-2f9ce7fbbd1e,c9503749-a574-42ae-b5ea-4e98bce2d786,2a,false,3,1831,0.5,2026-05-20 04:36:07.072
491e6eec-d25e-4db9-b92c-fb7708a113c4,7a6b4615-6138-4c1c-9427-e68faf8754dd,2B,false,1,21479,0,2026-05-12 02:52:39.622
49fc334b-424e-4d1b-ab73-a12b5b06a3b6,5ccded9a-90a1-4878-8258-9e435606ba00,2b,false,1,4342,0.65,2026-05-26 13:51:49.374
4a5aafe1-47d8-49e4-abd7-684f15cbd190,be0fba92-130b-497d-975f-da12215a5daa,1A,true,1,4325,0.85,2026-05-12 03:33:34.228
4b5ee4f5-ffe1-4c6b-9115-ab5bf84b594c,c68ef864-2324-4553-8f9f-671c03d97552,3a,true,1,47184,0.78,2026-05-13 16:25:30.723
4bb16066-9aac-4fd3-b31a-ae5aa58e62a7,c68ef864-2324-4553-8f9f-671c03d97552,3a,true,1,6641,0.78,2026-05-13 16:25:30.723
4bb6c0ac-d80e-4606-b59b-4abf41923507,c4bb46ea-6d58-4f36-8d32-0336acae35dd,2b,false,1,11283,0.7,2026-06-02 18:54:24.545
4cccf06c-0b10-4dc6-9b3d-2baa8b2ee0c1,a25e0e45-e039-40a9-9a26-252594cafc4a,2a,true,3,2048,1.3,2026-05-21 23:41:57.536
4ce4eb0f-3d81-4307-8c63-ab2533a56608,6478ed55-aef7-4a49-ba04-c518d96c9554,1a,true,1,13108,1.2,2026-05-21 02:36:12.895
4d2df675-7a13-412b-b483-e21ddcfcb4ec,68aa2d20-7562-4ca0-978a-fbf858506ba4,2a,true,1,4917,1.13,2026-05-24 21:40:04.067
4d4f031d-a903-4ad9-ba1b-035e21bbea30,116051cc-fac5-4e4a-91ec-6d65bbe6d61d,2b,true,1,4782,1.01,2026-05-19 01:37:11.067
4db05288-67a1-46f3-9d85-dc673ecd1921,c4bb46ea-6d58-4f36-8d32-0336acae35dd,3a,true,1,10741,1.07,2026-06-02 18:54:24.545
4df7cc7b-6fd6-49ef-930e-24f266991ae6,0566a902-0011-4de3-bd57-939a58c33a4e,3a,true,1,28682,0.86,2026-05-12 05:43:51.737
4f22986e-7af3-4d4d-bd9d-19bf4e0c7af7,c4bb46ea-6d58-4f36-8d32-0336acae35dd,2a,true,1,36892,0.83,2026-06-02 18:54:24.545
4f6c35aa-7299-4b46-b3d8-9c9dad7c0342,94f3c3c8-fadc-47e8-9c42-f200a61d04e8,2a,false,1,3436,0.7,2026-05-12 05:56:14.758
4ff8c14e-2db3-4fd5-a8da-4b9aa5027581,c68ef864-2324-4553-8f9f-671c03d97552,3a,false,1,6365,0.78,2026-05-13 16:25:30.723
50e80b92-ac87-43ee-bc84-a2db36427b32,c68ef864-2324-4553-8f9f-671c03d97552,3a,false,1,17244,0.78,2026-05-13 16:25:30.722
50ec32fb-80a4-4b9e-8228-17bc71f5380a,0ef91cde-10f5-4371-bcfd-6a1fea879851,2a,false,2,2432,0.5,2026-05-20 03:49:14.498
513152d8-2896-4b5e-8830-de33a3060e37,5a11504c-e87b-49d3-9448-fd129d7db143,1a,true,1,6986,1.2,2026-05-25 22:44:39.544
513dc14d-b653-4d2a-b902-777cf7d405a1,e728bb9c-5d16-4cae-bd1c-ea08c242d525,1a,true,1,8315,0.33,2026-05-25 14:40:15.388
523dca3a-7e97-4f34-b95e-2774ec2a61eb,40a1b592-82dc-49b3-82ad-9f214e1acdb9,1A,true,1,9204,1.2,2026-05-12 02:26:31.933
524adfa1-ab53-4252-b979-6efd59949385,0566a902-0011-4de3-bd57-939a58c33a4e,3a,false,1,2468,0.86,2026-05-12 05:43:51.737
5265c768-5888-40d1-b7e2-755e66c98e84,e7421138-49b4-451b-b8cd-8ffa8d0bfcd2,3a,false,1,17420,0.02,2026-05-18 19:14:22.735
52732123-3763-42a5-85c2-aaa67d754bf4,116051cc-fac5-4e4a-91ec-6d65bbe6d61d,2b,true,1,5204,1.01,2026-05-19 01:37:11.067
52829d70-c632-4031-9f08-0237734b7a5d,88badbd0-3bb1-40fe-90a0-2283fcbbd515,2a,false,1,35660,0.53,2026-05-26 13:50:16.793
52b70004-fd61-4c7c-bf76-582fe5f42007,d3fa7236-b2e2-49ad-9694-65e35f459059,1a,true,1,11285,1.2,2026-06-05 18:05:12.47
52bab189-52a4-4aab-8cfd-401ed5963791,c68ef864-2324-4553-8f9f-671c03d97552,3a,false,1,12877,0.78,2026-05-13 16:25:30.723
530aa73e-3762-43c1-b01b-83fc596c8ca3,7490f20d-4505-4361-aed9-f7d0e6a74e0e,1a,true,1,17913,0.53,2026-05-26 13:55:56.521
5502abff-bdab-456d-9a44-93c2af74a961,0566a902-0011-4de3-bd57-939a58c33a4e,3a,true,1,4456,0.86,2026-05-12 05:43:51.737
55101a0d-8142-4e2a-9132-4cac0a849926,378f4ef5-0ed4-4cb8-80b4-147e6622d552,1a,false,3,4223,0.63,2026-05-19 02:37:09.353
5634200e-7331-4dcd-9de2-80f9fee435a3,385b9b0f-a03b-43e0-bea3-7c91eb219d60,2b,true,1,38819,0.71,2026-05-25 14:39:05.552
564da54f-c50e-4417-b0e0-36dd1f015c3f,24c87d5b-eafe-41ef-9ced-2d84c997e415,2a,false,3,4480,1.2,2026-05-22 01:14:16.797
56dbe6cf-60ae-4480-9c4b-ef14fb849d6c,c68ef864-2324-4553-8f9f-671c03d97552,3a,true,1,5793,0.78,2026-05-13 16:25:30.723
57ab2a31-bc6e-43da-8c5c-8398d7c2a24b,d7f7110d-2265-412b-96d7-3fe611cf9134,2a,false,2,2362,0.83,2026-05-19 02:42:30.486
57c68371-1e41-469e-8b54-efbc5df69343,c23fecc5-535b-4b70-8603-31c595a719b1,2b,false,1,3027,0.1,2026-05-20 05:28:47.731
57f72802-2875-4327-b775-e471f85cb2ad,a639700d-b480-4345-9721-e6242e357318,1a,true,3,2431,1.5,2026-05-19 01:45:30.022
58229986-9d6b-482c-8402-5f1ff7cf70bf,c6cddd98-f636-4fe1-a626-58fa12130c3b,2b,false,1,6377,0.53,2026-05-24 03:47:46.571
585495c7-d0a6-4b92-a144-8e5111739f2f,673d378d-de63-4841-8a5d-d810a5d6f766,2a,false,4,3341,0.4,2026-05-24 01:42:22.016
588128d2-aae4-46fa-a20a-4bd52c3dba94,e3a2e35e-f8db-4b3f-b01a-292d13a489aa,1a,true,2,1403,1.23,2026-05-14 02:40:06.685
5a360328-f5a5-45c5-b514-6c51311bfe54,88badbd0-3bb1-40fe-90a0-2283fcbbd515,2b,false,1,9347,0.53,2026-05-26 13:50:16.793
5a77ce67-222d-4c27-830a-b50cec479369,047ee5eb-7990-4bf3-8d37-3cb3293daf73,1a,true,1,31497,0.43,2026-05-25 22:35:19.718
5a9680de-90c6-4b1b-80a3-6f89909513a1,88badbd0-3bb1-40fe-90a0-2283fcbbd515,2a,false,1,10117,0.53,2026-05-26 13:50:16.793
5af45e95-ddc4-4b54-866c-dfd570ad82ff,86dde0f8-8878-4569-9e9c-9446e1bf23ce,1a,true,3,37105,0.82,2026-05-19 02:46:38.045
5b5f77f6-472f-49de-b73f-9784d07aedf5,385b9b0f-a03b-43e0-bea3-7c91eb219d60,2b,false,1,801,0.71,2026-05-25 14:39:05.552
5bf77c76-3801-4b31-97ae-824a31fdff96,111542fb-ee9a-4204-b679-07ad145cfca4,1a,true,3,904,1.5,2026-05-20 04:12:42.352
5c508d28-f63d-4790-8179-2b94de551e54,c6cddd98-f636-4fe1-a626-58fa12130c3b,2b,true,1,8709,0.53,2026-05-24 03:47:46.571
5c620ff5-685a-460f-84c3-03272fabb6f9,08051ed0-1a00-45ef-ba4e-ece868c3bdc9,3a,false,2,6735,1.03,2026-05-12 05:53:25.638
5c684cd7-e6ce-496e-aae6-fa09f289d6b5,e728bb9c-5d16-4cae-bd1c-ea08c242d525,3a,false,1,16023,0.56,2026-05-25 14:40:15.388
5ca25387-5a52-4d1e-a39b-aaae4959f9f6,385b9b0f-a03b-43e0-bea3-7c91eb219d60,3a,true,1,1001,0.55,2026-05-25 14:39:05.552
5d31957e-5886-4d16-b858-1691b0f9dcf7,e728bb9c-5d16-4cae-bd1c-ea08c242d525,2a,true,1,16679,0.52,2026-05-25 14:40:15.388
5d746cd6-14df-4a02-af9c-c15e662f9a4a,653272f0-ff5c-46a8-871e-e58aee6273ba,3a,false,1,101404,0.43,2026-05-25 14:40:21.642
5d9713dd-f9db-4374-b868-84fe32efb199,653272f0-ff5c-46a8-871e-e58aee6273ba,2a,true,1,15014,0.91,2026-05-25 14:40:21.642
5dbf6639-0d14-4b53-a67b-c4ed9563e39c,c68ef864-2324-4553-8f9f-671c03d97552,3a,true,1,4128,0.78,2026-05-13 16:25:30.723
5dfa1e83-f9b0-433c-a254-68e77813a396,158c6a41-03a9-4716-ae0b-f0f91e31274b,3a,true,1,6040,1.03,2026-05-21 03:39:25.815
5e331e08-b9e4-4553-aebc-e678487a420a,88badbd0-3bb1-40fe-90a0-2283fcbbd515,3a,true,1,12293,0.49,2026-05-26 13:50:16.793
5e38fce1-3c06-4b45-89ca-7fde75819983,e728bb9c-5d16-4cae-bd1c-ea08c242d525,2b,false,1,9774,0.8,2026-05-25 14:40:15.388
5e4eb198-32c7-4548-b7df-a240969044d8,c68ef864-2324-4553-8f9f-671c03d97552,3a,true,1,12452,0.78,2026-05-13 16:25:30.722
5f507b69-fe3e-4b39-adca-1da85a406717,d637eb00-ab32-4e08-b760-48275fd05a31,2a,true,1,10375,0.7,2026-05-12 05:55:23.301
60e75e36-756b-4019-9759-2c49183a3a33,b5fa55cf-1f8d-4742-929c-cd0bc2a3d8c4,2a,true,3,6984,1.7,2026-05-20 16:23:06.515
61966f44-82f3-496f-9f9c-00579f613844,c23fecc5-535b-4b70-8603-31c595a719b1,1a,false,1,854,0,2026-05-20 05:28:47.731
61a1ee38-9bef-485f-8bc4-552e94bbf16b,8c49fb11-87ce-49f6-9a8e-153541760512,2b,false,1,37320,-0.1,2026-06-05 03:03:24.328
61cfa4a4-1790-46a2-b9c7-05a74457d77f,7490f20d-4505-4361-aed9-f7d0e6a74e0e,2a,false,1,6521,0.67,2026-05-26 13:55:56.521
62339387-e449-4e55-9768-fee3441429bb,385b9b0f-a03b-43e0-bea3-7c91eb219d60,2b,true,1,27868,0.71,2026-05-25 14:39:05.552
6254897b-bf88-4fa4-ac08-3f6df051e1ee,c68ef864-2324-4553-8f9f-671c03d97552,3a,false,1,22443,0.78,2026-05-13 16:25:30.723
625705ca-b389-454d-ab6d-5fc28910931f,653272f0-ff5c-46a8-871e-e58aee6273ba,1a,true,1,17587,1,2026-05-25 14:40:21.642
625c1a00-fc8c-4ed0-a24f-8c462252abf8,7490f20d-4505-4361-aed9-f7d0e6a74e0e,2b,true,1,31651,0.42,2026-05-26 13:55:56.521
63ba0cf7-12eb-4113-9a98-b2a361b707d9,c10d115a-5474-417c-83ee-59939f7aadbf,2a,false,1,51417,0.5,2026-05-25 14:40:26.794
63bca0e5-ae0a-4108-830f-37e6db69237e,653272f0-ff5c-46a8-871e-e58aee6273ba,3a,true,1,23219,0.43,2026-05-25 14:40:21.642
63ea6603-ec85-472a-9cf8-e2ac06b1748a,fa05d2d4-3618-45af-bb5c-3d350a827dc0,2a,false,2,1110,0.5,2026-05-19 01:40:41.861
64847af4-b9d8-4ab0-b23f-13eba1f1cc0d,6478ed55-aef7-4a49-ba04-c518d96c9554,3a,true,1,45254,0.9,2026-05-21 02:36:12.895
64fedd15-d8ae-4215-9b4f-cad469e8afc9,dfffb524-cd89-4b4b-bc49-a326eda236f4,3a,true,1,9404,1.2,2026-05-25 22:39:04.313
6586e458-3fe0-4b96-b8bf-c78c570feb98,d637eb00-ab32-4e08-b760-48275fd05a31,2a,false,1,10956,0.7,2026-05-12 05:55:23.301
65d681b2-900d-4cca-8213-de8eef6b4b2f,c23fecc5-535b-4b70-8603-31c595a719b1,1a,false,1,1543,0,2026-05-20 05:28:47.731
65f8da8b-92f3-4e26-a8fa-28168e496c7f,02e5a5e0-d51e-427c-8d36-524c164a21c5,1a,true,1,10243,1.07,2026-05-12 05:25:47.16
6705e488-023d-4e8a-817b-783475caa8f2,c6cddd98-f636-4fe1-a626-58fa12130c3b,2a,false,1,18733,0.4,2026-05-24 03:47:46.571
67af3547-238e-4ed4-965f-5b7e84470930,08051ed0-1a00-45ef-ba4e-ece868c3bdc9,1a,true,1,15117,1,2026-05-12 05:53:25.638
687ec132-1f1d-48d1-abff-9a12bf2cc89d,c68ef864-2324-4553-8f9f-671c03d97552,3a,true,1,11403,0.78,2026-05-13 16:25:30.723
69965ee2-2b77-4017-befa-94dfbb0d3d88,88e2fd71-dc68-4636-99cc-e51d34538a60,2A,true,1,4382,1.2,2026-05-12 02:15:06.952
69abab45-480c-414d-a89a-ad50513fdb29,02e5a5e0-d51e-427c-8d36-524c164a21c5,1a,true,1,2716,1.07,2026-05-12 05:25:47.16
6a1bb98f-7742-49e1-b0c5-2e85e6f71f34,1759ca6f-785e-4088-b443-4902f9cb799c,1A,true,1,6145,0.87,2026-05-12 01:52:05.201
6b3cf967-ccca-4d46-84d3-d15b42c81a5b,6c8cb38b-c9ae-41f8-b8cc-88c059c37e53,2a,false,2,2055,0.5,2026-05-14 03:13:05.02
6bc80ffd-b1e1-4c78-94f8-29d7afd94a69,0a95c0d5-755f-4cc4-8309-fc2925e3e717,2a,false,2,1793,1,2026-05-20 04:36:45.966
6c048ab9-9b7d-4285-af9b-0f5e498e5936,1a41e280-39b0-4c0d-a100-36904450a9e0,2a,false,1,27997,0.66,2026-05-19 01:30:37.927
6c3ba779-7df8-416d-9c86-9c84cf039772,2191e67c-58b6-4b75-bcfb-c39d95456781,1A,true,1,112492,1.05,2026-05-12 05:01:39.231
6ca72a1d-bf3a-424c-80fd-22a68a36f19d,158c6a41-03a9-4716-ae0b-f0f91e31274b,2b,false,1,92703,0.57,2026-05-21 03:39:25.815
6cfad375-aa79-44da-820d-9e0b2b5ebb9d,8ed27e5d-0a8c-4b98-ad19-18ec451c31d4,1a,true,1,2380,0.55,2026-05-21 03:43:45.048
6dbf5a55-0826-468b-9e5e-f36266f10c13,c43794f0-d755-417e-9224-5c7ff4ca1ef3,2a,false,3,1724,0.5,2026-05-20 04:36:13.713
6df8a33b-eba1-45b4-8250-d4addd266b54,fe3f1f96-7128-4214-bb2e-c46901949b22,2a,true,1,8374,0.7,2026-05-20 07:08:04.125
6f6760f3-35eb-46c6-bb65-c1ea7179ad42,116051cc-fac5-4e4a-91ec-6d65bbe6d61d,2b,false,1,16525,1.01,2026-05-19 01:37:11.067
6fb74f6e-27cc-43b3-b017-03171923750a,b703c3ab-d1d2-49be-a6dc-48c57969c09e,1A,true,1,4034,1.13,2026-05-12 02:19:52.091
6fe4ccb8-dfce-4495-bd47-d4225ca892af,dfffb524-cd89-4b4b-bc49-a326eda236f4,2a,true,1,8223,0.44,2026-05-25 22:39:04.313
70657792-7c00-485a-8878-070b0adac7f9,116051cc-fac5-4e4a-91ec-6d65bbe6d61d,2b,true,1,8361,1.01,2026-05-19 01:37:11.066
71593c02-f56d-498d-8197-90d3599083fc,c64c8eca-72f8-4e58-9963-ae4484821e7f,2a,false,4,3446,0.7,2026-06-01 02:25:10.538
71aeb84e-3993-4fbd-965f-c1d8c75711a5,f8a00219-e232-47cf-a530-d325ce39f954,2a,false,1,1013,0,2026-05-12 05:29:33.337
71fb18a9-0a1c-4576-9575-b99cbd414861,08051ed0-1a00-45ef-ba4e-ece868c3bdc9,2b,true,1,109544,0.67,2026-05-12 05:53:25.638
723e9d69-dc22-40e5-beb6-debc141d4290,7247acf6-622b-4df7-83ce-c08ca19c9c5a,1a,true,1,33979,1.05,2026-05-21 02:31:23.739
7248100e-6daa-45f7-b9f1-9ff074a4a0cf,8ed27e5d-0a8c-4b98-ad19-18ec451c31d4,1a,false,1,1657,0.55,2026-05-21 03:43:45.048
73056012-02e1-4799-bf29-9de96fad16be,7490f20d-4505-4361-aed9-f7d0e6a74e0e,3a,false,1,131795,0.53,2026-05-26 13:55:56.521
731fb249-53c5-4555-8469-c231afbe94ba,116051cc-fac5-4e4a-91ec-6d65bbe6d61d,2b,true,1,6790,1.01,2026-05-19 01:37:11.067
7322e740-e156-4f48-906f-adbd8b57cbd0,5ccded9a-90a1-4878-8258-9e435606ba00,2a,true,1,10399,0.8,2026-05-26 13:51:49.374
73cfcf5e-6dd4-4482-a914-612db0cba70b,7490f20d-4505-4361-aed9-f7d0e6a74e0e,2b,false,1,14441,0.42,2026-05-26 13:55:56.521
74e79e39-7459-487d-a1dc-5025fcc1c8e2,3256667d-7f91-4972-8a21-a6694e7e4e08,1A,true,1,5926,0.6,2026-05-12 02:04:32.931
75243a6e-809e-415e-82c1-b79428df1ca0,3638c89c-4605-4042-8f78-836086666228,1A,true,1,16923,1,2026-05-12 01:43:06.693
7561e4ba-9fc8-4b61-bdb2-2873f6ed1b8d,c4bb46ea-6d58-4f36-8d32-0336acae35dd,3a,true,1,19513,1.07,2026-06-02 18:54:24.546
75d0f126-3f5e-4d41-b990-2bc6802882c0,7490f20d-4505-4361-aed9-f7d0e6a74e0e,2b,false,1,24638,0.42,2026-05-26 13:55:56.521
7616df9c-0c19-4c0c-b1d2-501091783a8e,88e2fd71-dc68-4636-99cc-e51d34538a60,2A,true,1,14170,1.2,2026-05-12 02:15:06.952
764ea264-9d84-4c26-ac11-a7340a2a81a2,116051cc-fac5-4e4a-91ec-6d65bbe6d61d,2b,false,1,9475,1.01,2026-05-19 01:37:11.067
77de2d23-5313-4a03-91e3-f044a5db7ad2,d7f7110d-2265-412b-96d7-3fe611cf9134,2a,false,2,891,0.83,2026-05-19 02:42:30.486
78204b58-de70-4040-a3e3-ca01a70c7a37,ed5d0462-87d9-464a-8aed-6c5f77e4c8a0,2a,false,2,3498,0.7,2026-05-14 02:51:25.334
782883d7-630e-4d18-829e-f4cbb21f4263,e7421138-49b4-451b-b8cd-8ffa8d0bfcd2,3a,false,1,34977,0.02,2026-05-18 19:14:22.735
785f5c08-9b0d-448e-9b10-55c302331e70,158c6a41-03a9-4716-ae0b-f0f91e31274b,2b,true,1,51435,0.57,2026-05-21 03:39:25.815
7907a0f8-ede7-4aa6-8561-5a49b5e065cd,385b9b0f-a03b-43e0-bea3-7c91eb219d60,2b,true,1,18834,0.71,2026-05-25 14:39:05.552
7931164e-f34a-40dd-8411-94d1f643cfe8,80bdd523-b541-4365-a710-37d9dc6836d0,1a,false,2,6386,1.3,2026-05-13 14:35:12.176
794deb69-5fdf-4b30-b6df-0d09bfd0a908,23ddf0b2-1d9b-4104-9b07-a2e9da3a79ac,1a,true,3,14226,0.97,2026-05-20 04:28:18.692
79a449db-bbe6-4dc6-8d17-26493968f5bb,dfffb524-cd89-4b4b-bc49-a326eda236f4,2b,false,1,10507,0.1,2026-05-25 22:39:04.313
7a4a10f6-ec94-4d37-8ba0-21c4b4a21901,653272f0-ff5c-46a8-871e-e58aee6273ba,3a,true,1,17564,0.43,2026-05-25 14:40:21.642
7af83149-7cc2-421b-a14e-a2a7e5e61c2a,967b4c6e-8208-4b8c-8efa-25e92c21c48f,2a,true,2,2339,1.5,2026-05-14 02:53:25.08
7ba35d68-b426-4e15-8277-d98f4ec466cc,c23fecc5-535b-4b70-8603-31c595a719b1,2a,false,1,920,0,2026-05-20 05:28:47.731
7bc2ea75-5fdb-4828-8966-0353e4044bf1,116051cc-fac5-4e4a-91ec-6d65bbe6d61d,2b,true,1,16804,1.01,2026-05-19 01:37:11.067
7bda628f-94be-49f8-ad62-a184a367c255,fe3f1f96-7128-4214-bb2e-c46901949b22,3a,true,1,3126,1.2,2026-05-20 07:08:04.125
7c3ea8d8-90a5-4d36-b98f-7f6a9b792d8a,94f3c3c8-fadc-47e8-9c42-f200a61d04e8,2a,true,1,6107,0.7,2026-05-12 05:56:14.758
7c692613-5913-4b32-a7d6-0c4ae9e4f51d,e774674e-4ae0-47ab-aff3-7660f348eaa6,1A,true,1,1932,0.5,2026-05-12 02:06:58.19
7c929a34-082d-4c96-b6a5-55d9e11ef7eb,7490f20d-4505-4361-aed9-f7d0e6a74e0e,1a,true,1,34328,0.53,2026-05-26 13:55:56.521
7cc43fe3-15d0-4173-831a-fb9e10f3e144,c10d115a-5474-417c-83ee-59939f7aadbf,2b,false,1,14702,0.49,2026-05-25 14:40:26.794
7cd38474-af86-4c5a-9b2d-67b614e8aade,047ee5eb-7990-4bf3-8d37-3cb3293daf73,2a,true,1,20063,1.1,2026-05-25 22:35:19.718
7cde411b-24e6-4ad7-b7e8-921b59138262,fd3ef955-a875-481b-94b0-420308760f33,2a,true,1,4373,1.2,2026-05-13 14:38:51.06
7e987093-e935-4b2d-8dc7-9be9758d810b,5cffe3cd-8c96-4690-8ef3-c8a1c982bb56,1a,true,3,1810,0.83,2026-05-19 01:36:56.372
7ec1b576-6c37-4d40-b5a4-8c348e9dcd57,748db449-aa84-428d-8134-6e4044e2108f,1A,true,1,41374,0.99,2026-05-12 04:55:01.26
7f2b1272-969a-4aa1-8bfd-1bdca28b1556,7247acf6-622b-4df7-83ce-c08ca19c9c5a,2b,true,1,27325,1.1,2026-05-21 02:31:23.739
7f62ef3d-bfb4-4377-bf46-750edfc2c191,ebe0c23a-e3ae-4960-8a40-13ce12bd1e2d,2a,true,2,1804,1.5,2026-05-19 01:40:33.267
7f7a7475-a5dc-4324-a415-debd9496b93f,6478ed55-aef7-4a49-ba04-c518d96c9554,2b,true,1,18162,0.75,2026-05-21 02:36:12.895
7f86e191-c9d0-404a-88bb-28e8b7fc2a0a,748db449-aa84-428d-8134-6e4044e2108f,1A,true,1,6767,0.99,2026-05-12 04:55:01.26
7f8fa209-bdb7-4975-863c-09c8ae0ae606,653272f0-ff5c-46a8-871e-e58aee6273ba,3a,false,1,89233,0.43,2026-05-25 14:40:21.642
7fa3cf84-1a52-4116-abaf-747c3ca4a103,33a904fc-9ccf-4c52-9196-1e62b444457e,2A,false,1,7034,0.47,2026-05-12 02:23:59.746
7fd2a0fd-9564-4b49-8fd6-0fd90ffbea4d,c10d115a-5474-417c-83ee-59939f7aadbf,2a,false,1,7083,0.5,2026-05-25 14:40:26.794
802da06e-bd1c-4c81-b045-63289f5c4e79,5ccded9a-90a1-4878-8258-9e435606ba00,2b,true,1,1373,0.65,2026-05-26 13:51:49.374
8094cd44-c66a-44c9-82b4-ba5226572cf9,7490f20d-4505-4361-aed9-f7d0e6a74e0e,3a,false,1,17822,0.53,2026-05-26 13:55:56.521
809a27ca-e57a-47a4-9a1d-7f834ef7b3da,fd8c1bd8-84d3-4bb6-9ce7-adf76775d730,2a,false,3,1007,0.5,2026-05-20 04:36:33.702
80a96f12-aade-4658-83b0-710d2850fea1,dcc4def3-ca3f-4e77-bb9a-c909d84d7059,2a,false,3,4184,1.3,2026-05-22 02:40:25.957
81226506-685d-4afe-931c-b5f84d350374,c10d115a-5474-417c-83ee-59939f7aadbf,3a,false,1,70603,0,2026-05-25 14:40:26.794
822f9dd8-5066-49fd-9668-ecaa31625a5f,e7421138-49b4-451b-b8cd-8ffa8d0bfcd2,3a,false,1,13436,0.02,2026-05-18 19:14:22.735
82b0244d-462c-4d8d-9cdb-0e220736f1ed,c10d115a-5474-417c-83ee-59939f7aadbf,2b,true,1,4797,0.49,2026-05-25 14:40:26.794
8323cf48-32f5-411c-9b95-d33c53345e55,c6cddd98-f636-4fe1-a626-58fa12130c3b,1a,false,1,9494,0.7,2026-05-24 03:47:46.571
832c856f-cdd3-4efd-812e-bfb130aaf9e7,7490f20d-4505-4361-aed9-f7d0e6a74e0e,2a,false,1,5287,0.67,2026-05-26 13:55:56.521
844545d6-a4f1-4e93-abe3-03ac792d3d10,158c6a41-03a9-4716-ae0b-f0f91e31274b,1a,false,1,8729,0.37,2026-05-21 03:39:25.815
848793d8-1eef-4fd9-8ab8-a4a2d84b3e55,88badbd0-3bb1-40fe-90a0-2283fcbbd515,3a,false,1,5832,0.49,2026-05-26 13:50:16.793
84e7f888-81ec-48ae-b4b3-91197fc95af5,62802478-3395-48e2-ba7a-5950c28198b4,1a,false,2,5804,1.1,2026-05-13 20:33:18.241
85521ce6-4ae1-42be-9a5a-fc32b74b474c,653272f0-ff5c-46a8-871e-e58aee6273ba,2a,false,1,37786,0.91,2026-05-25 14:40:21.642
858ad2d3-470a-4532-88b3-72fead0dd70e,88badbd0-3bb1-40fe-90a0-2283fcbbd515,2a,true,1,42347,0.53,2026-05-26 13:50:16.793
85bf9f25-0b17-415c-b4ed-d7362fbc1f97,d637eb00-ab32-4e08-b760-48275fd05a31,2a,true,1,6887,0.7,2026-05-12 05:55:23.301
866498ce-8e7e-48db-9d5e-25a893a0646f,c4bb46ea-6d58-4f36-8d32-0336acae35dd,2b,true,1,17153,0.7,2026-06-02 18:54:24.546
86ba75e7-89d5-472c-b776-f3521d22e1b6,1f4b233f-0490-4517-8744-d1a523617928,1a,false,2,1222,0.5,2026-05-20 03:52:21.038
86c670d5-2d4d-4b22-b80f-ff0464ead781,1dcb1380-8eec-4c35-b595-fdff20ae936c,1a,false,2,22422,1,2026-05-13 15:52:58.742
87555bde-459c-4bdb-97a5-3d9b1b67dd42,88badbd0-3bb1-40fe-90a0-2283fcbbd515,2a,false,1,8632,0.53,2026-05-26 13:50:16.793
87d3f5b3-5c38-4e66-af11-087f4dd94d87,c68ef864-2324-4553-8f9f-671c03d97552,3a,true,1,2744,0.78,2026-05-13 16:25:30.723
87fad29a-7e46-4d17-94bc-b4649e7ceb58,4d600382-aef1-4608-9926-fd953b6dd0f1,2a,false,3,1766,1.1,2026-05-20 05:55:42.233
881ff530-3743-41f5-b22c-75380a34ab35,d637eb00-ab32-4e08-b760-48275fd05a31,2a,false,1,4534,0.7,2026-05-12 05:55:23.301
886ada8a-5678-41de-bdff-ab1de9756a1f,748db449-aa84-428d-8134-6e4044e2108f,1A,true,1,6382,0.99,2026-05-12 04:55:01.26
88a5a177-0987-4922-88c0-60e390300f7b,be0fba92-130b-497d-975f-da12215a5daa,1A,true,1,20875,0.85,2026-05-12 03:33:34.228
899a5749-f1fd-4146-8c63-5ea7cb7de3b8,c6cddd98-f636-4fe1-a626-58fa12130c3b,2a,true,1,13384,0.4,2026-05-24 03:47:46.571
89a583d4-0060-4598-aa70-fcd0f44efa43,7ca0eba7-faf5-442c-bc6d-b60432396d74,1a,false,2,948,0.5,2026-05-20 04:10:48.002
89fdc92b-4dbf-4a4d-8ed9-ddbd081dc0dd,7490f20d-4505-4361-aed9-f7d0e6a74e0e,2a,true,1,10039,0.67,2026-05-26 13:55:56.521
8b832ce9-dc5a-4e26-a362-091b24e51fc7,e728bb9c-5d16-4cae-bd1c-ea08c242d525,1a,true,1,29707,0.33,2026-05-25 14:40:15.388
8b8ac69c-9a5b-4305-9948-d5167f497f27,047ee5eb-7990-4bf3-8d37-3cb3293daf73,2b,true,1,11189,1.2,2026-05-25 22:35:19.718
8bded686-b312-4cd0-aebf-fd7453a72bf4,653272f0-ff5c-46a8-871e-e58aee6273ba,2b,true,1,21117,0.52,2026-05-25 14:40:21.642
8bf728f5-6e9b-4cf3-85f3-7421ced78d0d,c68ef864-2324-4553-8f9f-671c03d97552,3a,true,1,4178,0.78,2026-05-13 16:25:30.723
8c0594b5-a48e-4ff7-ac66-2be01f0ebe51,385b9b0f-a03b-43e0-bea3-7c91eb219d60,2b,true,1,5006,0.71,2026-05-25 14:39:05.552
8c18a892-e21a-486f-a1d2-ff317c90fa2f,c68ef864-2324-4553-8f9f-671c03d97552,3a,true,1,10542,0.78,2026-05-13 16:25:30.722
8c3462a0-8e3c-4d6b-9e93-c7cffd670267,7490f20d-4505-4361-aed9-f7d0e6a74e0e,1a,false,1,8477,0.53,2026-05-26 13:55:56.521
8cc2ccbc-7433-47f9-8a0f-46623afaa8b8,08051ed0-1a00-45ef-ba4e-ece868c3bdc9,2a,false,1,10361,0.2,2026-05-12 05:53:25.638
8d02931b-48d2-47af-9a30-1766b44ce299,5144f519-0332-4014-94d0-90349a711feb,1a,false,2,3488,0.7,2026-05-19 03:26:34.247
8d5cf344-e376-4351-a7c1-eaf5922f29f6,280f31aa-cae6-4641-bba5-766a437cffce,2a,true,4,423869,0.33,2026-06-05 02:59:53.877
8d73252a-5f2c-4568-b305-e12dd40fabf3,116051cc-fac5-4e4a-91ec-6d65bbe6d61d,2b,true,1,6861,1.01,2026-05-19 01:37:11.066
8e3cb65f-69c1-4b1a-9a08-c9f74874ba61,7247acf6-622b-4df7-83ce-c08ca19c9c5a,2a,false,1,33269,-0.1,2026-05-21 02:31:23.739
8e632b2d-1ea4-4cdc-a60c-8b11752245bf,5ccded9a-90a1-4878-8258-9e435606ba00,3a,true,1,6990,0.53,2026-05-26 13:51:49.374
8e6a9f58-1aed-4ce3-a5d9-0b529b5a0ac6,c10d115a-5474-417c-83ee-59939f7aadbf,3a,false,1,32981,0,2026-05-25 14:40:26.794
8ec803b4-66a4-450b-a86c-5b27d0992548,4d9acb14-ec89-4c63-88bc-4abbd3179504,1a,false,3,1249,0.5,2026-05-19 01:43:43.513
8f1e7ccc-d1cd-4124-a8cf-8d5122f5efbf,5ccded9a-90a1-4878-8258-9e435606ba00,3a,false,1,5095,0.53,2026-05-26 13:51:49.374
8f2885d9-1a46-4fa1-86da-21baa1c85c81,e728bb9c-5d16-4cae-bd1c-ea08c242d525,1a,true,1,40348,0.33,2026-05-25 14:40:15.388
8f7aa3c0-98ea-4999-9277-08f81a828e60,02c981d3-8dc4-4a5c-bce2-1548b8241197,1a,true,1,23091,0.6,2026-05-31 20:18:54.484
8fc27f2d-1531-4b51-b12f-2f2438120042,c10d115a-5474-417c-83ee-59939f7aadbf,1a,false,1,10667,0.9,2026-05-25 14:40:26.794
90618916-38e7-4f95-b3c8-dc1534d91aa2,fffe0684-c585-4ae5-b774-0529023a984b,3a,false,2,12925,1.03,2026-05-12 06:10:03.572
90b4d61d-6606-4c67-84aa-6ef1ebd3665e,88badbd0-3bb1-40fe-90a0-2283fcbbd515,3a,false,1,11941,0.49,2026-05-26 13:50:16.793
90f13095-057f-4955-99f9-b2cc151eccfa,7490f20d-4505-4361-aed9-f7d0e6a74e0e,3a,false,1,7018,0.53,2026-05-26 13:55:56.521
91448fdd-5b42-4d60-92eb-e9edf93f3d57,385b9b0f-a03b-43e0-bea3-7c91eb219d60,2b,false,1,2320,0.71,2026-05-25 14:39:05.552
921aa3b8-da66-4d5e-94b5-6631b1754de4,1a41e280-39b0-4c0d-a100-36904450a9e0,2a,true,1,8848,0.66,2026-05-19 01:30:37.927
9230344d-cd15-4bba-9145-55ec88cef7a1,fe3f1f96-7128-4214-bb2e-c46901949b22,2a,false,1,3427,0.7,2026-05-20 07:08:04.125
9290dd57-ef91-4aaa-ac87-36b1d47f7107,653272f0-ff5c-46a8-871e-e58aee6273ba,2b,true,1,27350,0.52,2026-05-25 14:40:21.642
92a5f4e5-6e27-40ef-8265-c6d17e17f149,7490f20d-4505-4361-aed9-f7d0e6a74e0e,2b,false,1,7457,0.42,2026-05-26 13:55:56.521
92afbce7-5196-4d87-9471-71d62be12ac2,d64fd945-906e-450e-b98d-0c0710147fc4,3a,false,2,1010,0.5,2026-05-14 02:40:16.526
92d608c2-ec96-4f4e-8767-4ca9c842caf0,116051cc-fac5-4e4a-91ec-6d65bbe6d61d,2b,true,1,6711,1.01,2026-05-19 01:37:11.067
92f4ab0a-e7be-405f-90f9-5b5c8bf62815,570240c7-cd18-4fa9-a9f9-6b2fa094490d,1a,false,3,4794,0.7,2026-05-14 03:06:00.946
9327444b-4875-4846-8a96-fee72a09c0cf,88badbd0-3bb1-40fe-90a0-2283fcbbd515,2b,false,1,6190,0.53,2026-05-26 13:50:16.793
93e49f02-f45b-41d8-bf91-f8f3a2cd1749,ab545e7a-aaa0-4169-88e5-172e58c2b74c,2b,false,1,1190,0.24,2026-05-14 02:27:52.918
94937ab2-9a04-4042-af72-0d26d331ef90,748db449-aa84-428d-8134-6e4044e2108f,1A,true,1,7131,0.99,2026-05-12 04:55:01.26
94a7ff18-9074-42a8-bd3b-43d5e38e2aee,c4bb46ea-6d58-4f36-8d32-0336acae35dd,2b,true,1,14684,0.7,2026-06-02 18:54:24.546
94fabf94-a166-4d8c-829f-040406dbd512,d637eb00-ab32-4e08-b760-48275fd05a31,2a,true,1,3175,0.7,2026-05-12 05:55:23.301
95255cc2-d5f6-47ef-8d8c-261827f0c174,116051cc-fac5-4e4a-91ec-6d65bbe6d61d,2b,true,1,7785,1.01,2026-05-19 01:37:11.067
96315679-6f82-492b-8009-1379988d6131,1a41e280-39b0-4c0d-a100-36904450a9e0,2a,false,1,200505,0.66,2026-05-19 01:30:37.927
971951c0-421e-4373-9924-3dfaad65654d,116051cc-fac5-4e4a-91ec-6d65bbe6d61d,2b,true,1,5721,1.01,2026-05-19 01:37:11.067
9733acf9-0c9b-4f75-b53c-24200175ae01,68aa2d20-7562-4ca0-978a-fbf858506ba4,3a,true,1,15933,1.1,2026-05-24 21:40:04.067
98167b19-8f73-46c2-8b15-cda736ee262b,653272f0-ff5c-46a8-871e-e58aee6273ba,3a,true,1,106220,0.43,2026-05-25 14:40:21.642
9841d722-f5f3-48a2-a245-de8221fb6d04,116051cc-fac5-4e4a-91ec-6d65bbe6d61d,2b,true,1,7042,1.01,2026-05-19 01:37:11.066
98ad6df2-f576-4c0f-9a94-777d4349e721,385b9b0f-a03b-43e0-bea3-7c91eb219d60,3a,false,1,47279,0.55,2026-05-25 14:39:05.552
997e3869-fbdd-4500-a489-daf00ed5e4f7,5c0c2cc0-ceda-4436-9a4c-a45f9dd27ec8,1a,false,3,1350,0.5,2026-05-20 03:49:32.081
99bb4759-b1f6-48c3-aaa6-c90bf3450e50,fffe0684-c585-4ae5-b774-0529023a984b,1a,true,1,115071,1.05,2026-05-12 06:10:03.572
99bcff32-bc54-448c-b4bb-266cf7c78368,88badbd0-3bb1-40fe-90a0-2283fcbbd515,1a,false,1,22281,0.86,2026-05-26 13:50:16.793
9b016406-5231-41ed-a989-cfa4ac4b080b,8ed27e5d-0a8c-4b98-ad19-18ec451c31d4,1a,true,1,1365,0.55,2026-05-21 03:43:45.048
9b21a738-27f0-4eff-a59c-21bd09b97643,d64fd945-906e-450e-b98d-0c0710147fc4,3a,false,2,1037,0.5,2026-05-14 02:40:16.526
9bb9e1ee-b9d5-47fb-b8b1-cf4a1a3f6cc8,116051cc-fac5-4e4a-91ec-6d65bbe6d61d,2b,true,1,12062,1.01,2026-05-19 01:37:11.067
9bf62f1d-f270-461c-ae04-883de151b063,15350eaa-c240-408f-8349-ef109467d00e,2a,true,1,10812,0.6,2026-05-20 19:48:13.539
9c211d08-50ab-4e01-b316-05c876c25ac0,385b9b0f-a03b-43e0-bea3-7c91eb219d60,3a,false,1,850,0.55,2026-05-25 14:39:05.552
9c4bc8fe-a137-4deb-aca5-23909f174640,94f3c3c8-fadc-47e8-9c42-f200a61d04e8,2a,false,1,14207,0.7,2026-05-12 05:56:14.758
9cbc91a9-8643-4599-8756-f8cdf60d2469,3b9fe89d-8031-46e4-ae3b-0e4363d2f037,1a,true,3,4646,1.7,2026-05-20 04:11:59.872
9cc7deb6-1c8f-470f-9206-f321192a514c,385b9b0f-a03b-43e0-bea3-7c91eb219d60,2a,true,1,34897,0.98,2026-05-25 14:39:05.552
9d29f0e1-3392-4f26-8e81-f75c4e2d31b2,c68ef864-2324-4553-8f9f-671c03d97552,3a,false,1,47188,0.78,2026-05-13 16:25:30.723
9dfe7050-4519-4644-93ad-a76712a420d4,748db449-aa84-428d-8134-6e4044e2108f,1A,true,1,10156,0.99,2026-05-12 04:55:01.26
9e4e3eb0-3d41-4c28-9ac3-1644bbe9519e,24c87d5b-eafe-41ef-9ced-2d84c997e415,2a,true,3,7272,1.2,2026-05-22 01:14:16.797
9efdcb8b-822f-4fa2-9c74-57eddc38cf99,e728bb9c-5d16-4cae-bd1c-ea08c242d525,2a,false,1,13063,0.52,2026-05-25 14:40:15.388
9f707cd5-384a-4fb5-8b7d-c7074e43100a,c23fecc5-535b-4b70-8603-31c595a719b1,3a,false,1,1049,0,2026-05-20 05:28:47.731
a1159939-dd32-48e4-8e08-693c4728e66a,378f4ef5-0ed4-4cb8-80b4-147e6622d552,1a,false,3,4356,0.63,2026-05-19 02:37:09.353
a15ed6d1-b14d-4a9d-8b2b-981d51f438b1,02c981d3-8dc4-4a5c-bce2-1548b8241197,2b,false,1,60910,0.4,2026-05-31 20:18:54.484
a1df5a0e-d5f7-423e-a91a-64cacc3ad9b6,e728bb9c-5d16-4cae-bd1c-ea08c242d525,3a,true,1,34466,0.56,2026-05-25 14:40:15.388
a28d833a-a74b-4cea-8687-7c945af5353f,158c6a41-03a9-4716-ae0b-f0f91e31274b,2b,true,1,58255,0.57,2026-05-21 03:39:25.815
a28daee8-9de7-4d47-844c-0ccc77c5b7d4,a25e0e45-e039-40a9-9a26-252594cafc4a,2a,true,3,10129,1.3,2026-05-21 23:41:57.536
a2cfdcde-5114-41fc-a340-d9e9c18fcd69,a50f5edd-46ce-4591-a2fb-759e58d2fc0e,2a,false,2,1691,0.5,2026-05-19 02:37:43.712
a2edbdfe-6cad-4a5f-b62a-cff0bd6e53a4,02a0caf4-97d8-428e-a36d-c02c6f5f3bea,1a,false,1,1984,0,2026-05-21 03:42:48.736
a3806e40-f151-4ed0-b563-e1e126d47a20,1a41e280-39b0-4c0d-a100-36904450a9e0,2a,true,1,11554,0.66,2026-05-19 01:30:37.927
a380c7f5-3356-4630-b352-f25caf302521,e728bb9c-5d16-4cae-bd1c-ea08c242d525,2a,true,1,18655,0.52,2026-05-25 14:40:15.388
a3de37f6-8a2e-4579-ae53-2ff00c1b97c9,6478ed55-aef7-4a49-ba04-c518d96c9554,1a,true,1,5040,1.2,2026-05-21 02:36:12.895
a4281da1-e47e-4156-9997-08e15690720c,88badbd0-3bb1-40fe-90a0-2283fcbbd515,2a,false,1,40108,0.53,2026-05-26 13:50:16.793
a42b990b-d6a3-4c14-bc73-71a518a92aac,e774674e-4ae0-47ab-aff3-7660f348eaa6,1A,false,1,1421,0.5,2026-05-12 02:06:58.19
a443d43f-1d8b-4c5f-a5e8-18e584ca888e,c10d115a-5474-417c-83ee-59939f7aadbf,2a,false,1,18242,0.5,2026-05-25 14:40:26.794
a50d9918-dd7b-4361-8b13-d8d134e823df,62802478-3395-48e2-ba7a-5950c28198b4,1a,false,2,11086,1.1,2026-05-13 20:33:18.241
a571a377-51ca-416d-82f0-c9fefc963764,e728bb9c-5d16-4cae-bd1c-ea08c242d525,2b,true,1,20381,0.8,2026-05-25 14:40:15.388
a5c8874a-1db1-489d-ae19-207f415ddce8,94f3c3c8-fadc-47e8-9c42-f200a61d04e8,2a,true,1,5547,0.7,2026-05-12 05:56:14.758
a5cba17c-b95a-4b96-ace4-28d07fefdea1,ceef4168-9ff6-4139-9ddb-1ab4fbb5247b,2a,true,3,12790,1.1,2026-05-20 04:30:48.476
a71be76f-9c36-4094-80b2-ad3ef5705104,c6cddd98-f636-4fe1-a626-58fa12130c3b,2b,false,1,10622,0.53,2026-05-24 03:47:46.571
a9035d1b-38a8-4d38-8471-23a19ae34729,5ccded9a-90a1-4878-8258-9e435606ba00,2b,false,1,11041,0.65,2026-05-26 13:51:49.374
a9482b57-16c9-4c40-bca3-1109e7f03cdf,5ccded9a-90a1-4878-8258-9e435606ba00,2b,true,1,6547,0.65,2026-05-26 13:51:49.374
a975cf3f-c7cc-4740-957d-d9614b1387fb,653272f0-ff5c-46a8-871e-e58aee6273ba,2b,true,1,120228,0.52,2026-05-25 14:40:21.642
a98bd75f-96ba-4a51-bf20-db81a0739949,c68ef864-2324-4553-8f9f-671c03d97552,3a,false,1,14252,0.78,2026-05-13 16:25:30.722
a9e4137b-8888-4b2b-a60d-87c0b22250e1,be0fba92-130b-497d-975f-da12215a5daa,1A,true,1,6712,0.85,2026-05-12 03:33:34.228
ab2dd0fe-b4f8-446c-9d52-041156e28739,158c6a41-03a9-4716-ae0b-f0f91e31274b,2b,false,1,129923,0.57,2026-05-21 03:39:25.815
ac263e85-e4fc-4f71-b8e3-4f8f5555ddae,dfffb524-cd89-4b4b-bc49-a326eda236f4,2b,false,1,17788,0.1,2026-05-25 22:39:04.313
ac5fa291-da83-4d32-96fd-ac20885096e4,ab545e7a-aaa0-4169-88e5-172e58c2b74c,2b,true,1,1508,0.24,2026-05-14 02:27:52.918
acea494a-acdc-4e79-99c6-1192ce4e6cd7,158c6a41-03a9-4716-ae0b-f0f91e31274b,2b,true,1,95231,0.57,2026-05-21 03:39:25.815
ad0b0467-1ee1-4fe0-88ac-fa208230040f,cd10f6f0-c385-4714-bae9-09656fd11a47,1A,false,1,3148,0.1,2026-05-12 02:08:59.87
ad69b996-9181-4d70-b36f-f9d49ebc510c,88badbd0-3bb1-40fe-90a0-2283fcbbd515,1a,true,1,26595,0.86,2026-05-26 13:50:16.793
ad9d7074-81d7-4fdc-943a-705450d9123c,88badbd0-3bb1-40fe-90a0-2283fcbbd515,2b,true,1,11752,0.53,2026-05-26 13:50:16.793
adb69b8a-8f5c-4793-838e-e7263ca62ed6,385b9b0f-a03b-43e0-bea3-7c91eb219d60,2b,false,1,3157,0.71,2026-05-25 14:39:05.552
ae9f08b1-fe5d-4270-9475-3d0407b20837,385b9b0f-a03b-43e0-bea3-7c91eb219d60,2b,true,1,4885,0.71,2026-05-25 14:39:05.552
af6409cc-7887-492a-b93a-3fb5c9d98904,02a0caf4-97d8-428e-a36d-c02c6f5f3bea,3a,true,1,7689,1.2,2026-05-21 03:42:48.736
afa5161e-5a72-4e1d-bfcf-fa7f472c46ac,7490f20d-4505-4361-aed9-f7d0e6a74e0e,2b,true,1,7811,0.42,2026-05-26 13:55:56.521
afc38c32-f899-4d57-b064-d8c19bd69de3,fffe0684-c585-4ae5-b774-0529023a984b,1a,true,1,3522,1.05,2026-05-12 06:10:03.572
b0008666-daa1-4d19-a67f-70a45a7771bd,80bdd523-b541-4365-a710-37d9dc6836d0,1a,true,2,10982,1.3,2026-05-13 14:35:12.176
b04e7fc5-e40b-46f1-b3ac-bafdde829492,378f4ef5-0ed4-4cb8-80b4-147e6622d552,1a,false,3,1829,0.63,2026-05-19 02:37:09.353
b0b3fe4d-1e56-43c1-a6a8-68696fe0f68c,a25e0e45-e039-40a9-9a26-252594cafc4a,2a,false,3,5648,1.3,2026-05-21 23:41:57.536
b11db44c-234b-4354-9721-6d01050e5872,653272f0-ff5c-46a8-871e-e58aee6273ba,2a,true,1,9627,0.91,2026-05-25 14:40:21.642
b318c4fb-edc4-4eac-b122-140e4a2bd59f,c6cddd98-f636-4fe1-a626-58fa12130c3b,2a,false,1,7434,0.4,2026-05-24 03:47:46.571
b3d16d51-7bb8-4372-8a79-04f1ac7688ac,fe3f1f96-7128-4214-bb2e-c46901949b22,2b,false,1,4992,0.7,2026-05-20 07:08:04.125
b4664253-d01a-4eef-987d-f837007d55cf,9c324707-efb0-47a6-a0e2-6d6a7fad3430,2a,false,2,986,1,2026-05-19 01:40:23.334
b4ef8a94-e8f2-4f62-9e86-00d2f8874460,c68ef864-2324-4553-8f9f-671c03d97552,3a,false,1,31091,0.78,2026-05-13 16:25:30.723
b5fe267b-4e9d-4ef3-9003-401eccb0f09f,fe3f1f96-7128-4214-bb2e-c46901949b22,2b,true,1,10281,0.7,2026-05-20 07:08:04.125
b619c201-9d3c-44ce-b31e-21e619f8433c,e728bb9c-5d16-4cae-bd1c-ea08c242d525,3a,true,1,40898,0.56,2026-05-25 14:40:15.388
b655f258-7364-4fd3-af6e-8f6cb6315f0c,116051cc-fac5-4e4a-91ec-6d65bbe6d61d,2b,true,1,5569,1.01,2026-05-19 01:37:11.067
b6c7bf03-c9cd-431d-ac26-763c7bd46878,8ed27e5d-0a8c-4b98-ad19-18ec451c31d4,2b,false,1,1700,0.3,2026-05-21 03:43:45.048
b6cdb171-d0ce-41bd-a2e3-ebf15a8f981b,7490f20d-4505-4361-aed9-f7d0e6a74e0e,3a,false,1,10768,0.53,2026-05-26 13:55:56.521
b75621c8-8502-439d-b7f3-04e02c6ab17e,653272f0-ff5c-46a8-871e-e58aee6273ba,3a,true,1,12127,0.43,2026-05-25 14:40:21.642
b7a87c28-4cbc-4146-b369-d075ff050ec5,cb94e0d2-a282-455b-b680-36ca3953a12b,1a,true,3,1136,1.5,2026-05-20 04:29:24.367
b92c9e08-cdd3-42e5-9e71-74beb1743b50,02a0caf4-97d8-428e-a36d-c02c6f5f3bea,1a,false,1,1111,0,2026-05-21 03:42:48.736
b9cb151f-ab8b-4120-a3b4-bd4834f1c8a1,653272f0-ff5c-46a8-871e-e58aee6273ba,3a,false,1,19700,0.43,2026-05-25 14:40:21.642
b9eb9013-5748-409e-acef-fe61e1d42b52,88badbd0-3bb1-40fe-90a0-2283fcbbd515,1a,true,1,7814,0.86,2026-05-26 13:50:16.793
ba4eac22-a180-4d6b-b116-34628a493a8f,35eba59e-7c8d-4f20-be85-aa9eb7506297,2a,true,2,1258,1.5,2026-05-19 02:37:31.206
ba9797cd-39be-41cc-ac17-9e23578b8c57,280f31aa-cae6-4641-bba5-766a437cffce,2a,false,4,9823,0.33,2026-06-05 02:59:53.877
ba9f9b49-ba3d-463e-8826-67627d41658e,d637eb00-ab32-4e08-b760-48275fd05a31,2a,true,1,3219,0.7,2026-05-12 05:55:23.301
baa46f4a-8a27-469f-a2fb-7c282f1093df,ab545e7a-aaa0-4169-88e5-172e58c2b74c,2b,false,1,1655,0.24,2026-05-14 02:27:52.918
bb8a5761-623f-4b96-b136-b19ed953575f,673d378d-de63-4841-8a5d-d810a5d6f766,2a,true,4,1205,0.4,2026-05-24 01:42:22.016
bd9b6b2b-6332-4a2d-a4d6-f910f1620cf7,c10d115a-5474-417c-83ee-59939f7aadbf,2b,true,1,12074,0.49,2026-05-25 14:40:26.794
bea0572f-c106-499c-91f0-2f1abbf961a1,0566a902-0011-4de3-bd57-939a58c33a4e,3a,true,1,7162,0.86,2026-05-12 05:43:51.737
bef3af07-5839-4efa-90c8-ae9b93d0cc7b,c10d115a-5474-417c-83ee-59939f7aadbf,1a,true,1,8581,0.9,2026-05-25 14:40:26.794
c0bef562-88c4-4b17-bc5b-d6e5ba479832,f71ba92c-53ea-498a-bfec-d4f352025254,2a,true,4,1506,0.5,2026-06-01 02:25:21.22
c0c89cd3-8a82-4d8d-85f8-66f209e46fb4,653272f0-ff5c-46a8-871e-e58aee6273ba,2b,false,1,15370,0.52,2026-05-25 14:40:21.642
c2866a7d-5816-4564-bcc6-62352aee6f36,184c671a-2657-46c8-8e5d-da4d0e440f4e,1a,true,3,4298,1.7,2026-05-14 02:57:51.103
c299635c-0643-4ba9-885c-440a4a273dc2,ceef3e75-7f50-4d9e-98af-b17b32b1be5b,2B,false,1,256062,-0.1,2026-05-12 03:28:44.364
c3255e68-a931-4184-bf40-cb7258d4064a,158c6a41-03a9-4716-ae0b-f0f91e31274b,3a,true,1,2502,1.03,2026-05-21 03:39:25.815
c395c901-7506-489f-b76c-3fbecdf119c8,02a0caf4-97d8-428e-a36d-c02c6f5f3bea,1a,false,1,1137,0,2026-05-21 03:42:48.736
c398196a-4841-489f-b3b4-6e4ce0e4602b,5cffe3cd-8c96-4690-8ef3-c8a1c982bb56,1a,false,3,1563,0.83,2026-05-19 01:36:56.372
c460bf4d-7abf-45f0-be4c-b644c680c783,68aa2d20-7562-4ca0-978a-fbf858506ba4,2a,true,1,15255,1.13,2026-05-24 21:40:04.067
c48c2810-ac1e-46c9-a2bd-ef07502d4f8b,f71ba92c-53ea-498a-bfec-d4f352025254,2a,false,4,1608,0.5,2026-06-01 02:25:21.22
c580223f-3059-4948-b17c-74ac785363a9,673d378d-de63-4841-8a5d-d810a5d6f766,2a,false,4,913,0.4,2026-05-24 01:42:22.016
c5990d12-9d95-4d69-8ace-513c4819b229,1759ca6f-785e-4088-b443-4902f9cb799c,1A,true,1,11226,0.87,2026-05-12 01:52:05.201
c5d5e250-8c3f-4f02-9b7e-b89a4ff392ec,5ccded9a-90a1-4878-8258-9e435606ba00,2b,true,1,10170,0.65,2026-05-26 13:51:49.374
c6ca1f22-a536-44ad-a79b-614ce59b650b,4b4a1e70-c260-4806-83c1-60ce5b70aac0,2a,true,1,5492,1.2,2026-05-14 02:33:59.464
c7266eff-f6a5-4da6-9a95-66991f0f4b0b,33a904fc-9ccf-4c52-9196-1e62b444457e,2A,false,1,1449,0.47,2026-05-12 02:23:59.746
c7d7c9b2-8649-4b22-82d2-8d7df01d6132,158c6a41-03a9-4716-ae0b-f0f91e31274b,2b,true,1,35910,0.57,2026-05-21 03:39:25.815
c8deacd6-6dea-4fe5-8e60-c219f6de6e90,02a0caf4-97d8-428e-a36d-c02c6f5f3bea,2a,false,1,1335,0,2026-05-21 03:42:48.736
c9c9e48a-ec81-46aa-99c0-353958e46dcc,35eba59e-7c8d-4f20-be85-aa9eb7506297,2a,true,2,1517,1.5,2026-05-19 02:37:31.206
ca8e3868-ab83-4eae-bc15-16388ef0bbb3,88badbd0-3bb1-40fe-90a0-2283fcbbd515,2a,false,1,10713,0.53,2026-05-26 13:50:16.793
ca9667a4-96ee-4cc0-a6ea-7c1029c7a077,88badbd0-3bb1-40fe-90a0-2283fcbbd515,2a,true,1,12178,0.53,2026-05-26 13:50:16.793
cb2ed046-306a-45ec-a110-a1aa3c4020bb,c9996580-a1b1-4748-bce0-33ee1fed9b89,2a,false,2,1540,1,2026-05-20 04:12:54.677
cb5673c1-54cd-41c5-83e9-35f294289aa4,e728bb9c-5d16-4cae-bd1c-ea08c242d525,1a,false,1,185450,0.33,2026-05-25 14:40:15.388
cbbeb3e7-a5d4-4dd7-8d78-468bf60181fa,1eec06e6-8310-4953-924b-aa5db62d202c,1A,true,1,7763,1.2,2026-05-12 03:19:16.701
cc6620e2-77f1-42d4-83ae-92690f1c0876,ceef4168-9ff6-4139-9ddb-1ab4fbb5247b,2a,false,3,1817,1.1,2026-05-20 04:30:48.476
cc8eda97-6e12-42ef-8547-1a548510274e,68aa2d20-7562-4ca0-978a-fbf858506ba4,2b,true,1,15469,1,2026-05-24 21:40:04.067
cca9b4ff-88d3-40cd-8ef5-0e1db0b6666e,88badbd0-3bb1-40fe-90a0-2283fcbbd515,2a,false,1,5463,0.53,2026-05-26 13:50:16.793
cd991046-23ff-4e3b-a5e5-a64f7e4cef80,158c6a41-03a9-4716-ae0b-f0f91e31274b,1a,false,1,19554,0.37,2026-05-21 03:39:25.815
ce0cbe85-7a24-48f9-9de9-0663d6311554,0a95c0d5-755f-4cc4-8309-fc2925e3e717,2a,true,2,945,1,2026-05-20 04:36:45.966
ce9b3aeb-4d72-46fc-becb-8507efa0d8b0,fffe0684-c585-4ae5-b774-0529023a984b,2b,true,1,83843,0.9,2026-05-12 06:10:03.572
cecd84ed-1470-47f7-9828-aa6823d24084,d637eb00-ab32-4e08-b760-48275fd05a31,2a,false,1,13742,0.7,2026-05-12 05:55:23.301
cf274e0b-bcf2-4965-8947-a9c06262ccad,e728bb9c-5d16-4cae-bd1c-ea08c242d525,1a,false,1,228301,0.33,2026-05-25 14:40:15.388
cf2be516-6318-4d97-893c-fa6baca200b1,116051cc-fac5-4e4a-91ec-6d65bbe6d61d,2b,true,1,4946,1.01,2026-05-19 01:37:11.067
cf5d6a31-6c4d-4012-adc5-2e933c70904c,ab545e7a-aaa0-4169-88e5-172e58c2b74c,2b,false,1,1031,0.24,2026-05-14 02:27:52.918
cf91de63-193f-4b0d-992e-6d9ab4209490,c7825995-d3e5-4d03-a43e-09a57d4d97b5,2a,false,3,1281,0.5,2026-05-20 05:56:24.931
d00e2213-bc72-42b9-aa03-401aa1fe33f9,d3fa7236-b2e2-49ad-9694-65e35f459059,2b,true,1,11433,1.2,2026-06-05 18:05:12.47
d01091f3-23d3-4dd3-aa4c-725ebdb432f5,c10d115a-5474-417c-83ee-59939f7aadbf,2b,false,1,12788,0.49,2026-05-25 14:40:26.794
d052802d-a4c5-4947-89a5-d0eac4df754c,116051cc-fac5-4e4a-91ec-6d65bbe6d61d,2b,true,1,6901,1.01,2026-05-19 01:37:11.067
d0810055-0bd7-4efc-9448-1d6442795d2e,88badbd0-3bb1-40fe-90a0-2283fcbbd515,3a,true,1,14983,0.49,2026-05-26 13:50:16.793
d0a6f641-def4-46da-8da2-3fb2be66b030,e728bb9c-5d16-4cae-bd1c-ea08c242d525,2b,true,1,11738,0.8,2026-05-25 14:40:15.388
d124668a-0ffe-48a2-b83d-79472bc813f7,2c58dd83-c9dc-40d3-b2b9-cdc4e8c57705,1a,false,3,1746,0.5,2026-05-20 03:25:47.527
d18df736-2131-4044-b21b-df9dea3b9f8e,c4bb46ea-6d58-4f36-8d32-0336acae35dd,3a,true,1,33990,1.07,2026-06-02 18:54:24.546
d22072e0-3c1d-469f-94b6-8276702fdb25,0ac498ec-9e35-4667-aef2-f5cd1d76ce6d,1a,true,2,1871,1.5,2026-05-20 04:11:34.446
d28b9808-4177-4f1b-b1a3-f8a1c3a7bed3,653272f0-ff5c-46a8-871e-e58aee6273ba,3a,false,1,12682,0.43,2026-05-25 14:40:21.642
d2a41de6-787f-48a8-851a-dcb4cce28b85,c9996580-a1b1-4748-bce0-33ee1fed9b89,2a,true,2,1663,1,2026-05-20 04:12:54.677
d2c3a434-61d8-4334-b394-6ebe8fd8aa70,62802478-3395-48e2-ba7a-5950c28198b4,1a,false,2,3118,1.1,2026-05-13 20:33:18.241
d2eed761-1d4a-4535-9cca-4cdeeec7ac30,08051ed0-1a00-45ef-ba4e-ece868c3bdc9,3a,false,2,10708,1.03,2026-05-12 05:53:25.638
d427fc82-6149-4ba0-9fcb-ed0bfdae2a15,02c981d3-8dc4-4a5c-bce2-1548b8241197,1a,false,1,9326,0.6,2026-05-31 20:18:54.484
d5aeb60f-1d35-4213-87df-39444a7ef8a4,2a9a95be-b184-4c00-a720-ba4773deb15c,3a,false,2,2199,0.5,2026-05-14 02:28:02.285
d6a8fb83-ea0f-4b38-b1e7-2344346019d3,d7f7110d-2265-412b-96d7-3fe611cf9134,2a,true,2,874,0.83,2026-05-19 02:42:30.486
d6edff80-61cb-4d6b-b806-92b6b46f6355,7fcdccb5-dc18-494c-b603-ec275656706d,2a,false,2,1749,0.5,2026-05-20 03:15:37.543
d76c76db-2cd9-4e2a-9e87-74cbd83775db,5ccded9a-90a1-4878-8258-9e435606ba00,2a,true,1,2703,0.8,2026-05-26 13:51:49.374
d7cbccb1-f668-4ad2-91d6-55be661b06aa,385b9b0f-a03b-43e0-bea3-7c91eb219d60,3a,false,1,3008,0.55,2026-05-25 14:39:05.552
d84459cd-74be-465b-a59c-c1d65d2d655d,7247acf6-622b-4df7-83ce-c08ca19c9c5a,1a,true,1,12927,1.05,2026-05-21 02:31:23.739
d89a4f3f-9c61-4444-954f-4c314b30dbef,33a904fc-9ccf-4c52-9196-1e62b444457e,2A,true,1,6305,0.47,2026-05-12 02:23:59.746
d8ca886f-21aa-4400-b314-432d8ce2fdd2,7490f20d-4505-4361-aed9-f7d0e6a74e0e,3a,true,1,7555,0.53,2026-05-26 13:55:56.521
d8cb91ba-be1a-4c2a-9cc6-c91f1f33fcc9,7490f20d-4505-4361-aed9-f7d0e6a74e0e,2a,true,1,4326,0.67,2026-05-26 13:55:56.521
d8cd5881-3880-4971-bf4a-dc46f6ed319b,08051ed0-1a00-45ef-ba4e-ece868c3bdc9,3a,true,2,5788,1.03,2026-05-12 05:53:25.638
d8ed3695-62d5-4cbf-978b-ce6dd24be2e2,ab545e7a-aaa0-4169-88e5-172e58c2b74c,2b,false,1,4261,0.24,2026-05-14 02:27:52.918
d957723d-2741-4558-a41b-ce4daeae8b93,afcee093-9063-4d69-959c-5a98ba4eae1c,2A,false,1,1854,0,2026-05-12 05:03:05.82
d9c15a0c-7cf0-432a-91e8-5afe03c9101e,c6cddd98-f636-4fe1-a626-58fa12130c3b,1a,true,1,4316,0.7,2026-05-24 03:47:46.571
dae23209-cd68-4535-810f-28d31d742fc5,88badbd0-3bb1-40fe-90a0-2283fcbbd515,1a,true,1,9534,0.86,2026-05-26 13:50:16.793
db5e2a4d-97c6-4b4e-a8db-09090b2bf85b,fffe0684-c585-4ae5-b774-0529023a984b,3a,true,2,5142,1.03,2026-05-12 06:10:03.572
dc257ec2-4daa-4674-8070-36ea4526a1ba,7490f20d-4505-4361-aed9-f7d0e6a74e0e,3a,true,1,20302,0.53,2026-05-26 13:55:56.521
dc2e51be-16db-40ff-8e57-d9fcad196aef,385b9b0f-a03b-43e0-bea3-7c91eb219d60,3a,false,1,5011,0.55,2026-05-25 14:39:05.552
dca98958-7f9e-4dfe-b570-ae894bf07194,88badbd0-3bb1-40fe-90a0-2283fcbbd515,1a,false,1,8618,0.86,2026-05-26 13:50:16.793
dd4903fb-f755-4a84-b09b-deff472264cc,6471efdb-dfd7-4d3e-8b49-22142980ebf0,2a,false,3,5922,0.7,2026-05-20 19:45:29.019
dea83c93-603a-4be4-a91a-0ffc071cd320,62802478-3395-48e2-ba7a-5950c28198b4,1a,true,2,4919,1.1,2026-05-13 20:33:18.241
deef36fd-cf0b-42cf-ac7a-89ec87fc34ba,76acc456-4059-4907-a1c5-c6528f0a1ad0,3a,false,1,1948,0,2026-05-21 03:44:07.888
df2995ac-c766-44ae-bf7e-ebf98061cce8,5ccded9a-90a1-4878-8258-9e435606ba00,3a,false,1,3252,0.53,2026-05-26 13:51:49.374
df44f3c2-9144-4e60-bec5-6bf2238389cf,31abef83-a3b3-4f47-bd16-55de32d0f7ec,2a,true,3,1094,1.5,2026-05-20 04:55:01.966
df534cc2-c4fe-4e21-b3e8-09df4799843c,dcc4def3-ca3f-4e77-bb9a-c909d84d7059,2a,true,3,9001,1.3,2026-05-22 02:40:25.957
e0710288-fbc9-441c-b61a-d9898eb82532,88badbd0-3bb1-40fe-90a0-2283fcbbd515,3a,false,1,8026,0.49,2026-05-26 13:50:16.793
e0be9340-6464-41fc-8c4c-076ca94dcff9,c68ef864-2324-4553-8f9f-671c03d97552,3a,false,1,4718,0.78,2026-05-13 16:25:30.723
e25378e6-2c61-4769-a1db-c8c08c1c2737,bb94758b-af8b-4390-acf2-cf570decc3d2,2a,false,4,7860,0.87,2026-06-04 06:51:59.924
e277daa8-f6a8-4264-8e52-43c33e2b02ba,7490f20d-4505-4361-aed9-f7d0e6a74e0e,2a,false,1,12418,0.67,2026-05-26 13:55:56.521
e3d7df2b-4723-42cf-ba60-cac173b61562,fe3f1f96-7128-4214-bb2e-c46901949b22,3a,true,1,10493,1.2,2026-05-20 07:08:04.125
e4a34fe4-80c1-47db-af80-02d8b713af88,55625bb5-bbfc-46bc-b467-7431a324b49c,2b,false,1,21692,0,2026-06-05 18:07:08.369
e54be8f2-c609-4023-9069-e9f78e19715d,9b6bf70d-93bd-472e-912c-47cf4bdb73c6,2A,true,1,6124,0.7,2026-05-12 04:18:01.937
e56175d4-304c-42b5-9247-eb1fe3e2b442,9aa254c7-bd0e-4cb8-9d8f-55d8f61bec40,2a,true,2,1211,1.5,2026-05-20 04:29:57.212
e615262d-fe2c-4a51-8677-d8fbe2abbf9f,68db512f-956d-42d4-bae4-18699098486f,1a,true,2,1971,1.5,2026-05-20 03:15:20.207
e6168e31-ba70-415e-854b-e6e1bd145480,653272f0-ff5c-46a8-871e-e58aee6273ba,3a,false,1,15184,0.43,2026-05-25 14:40:21.642
e6827ab0-65f8-4c9b-be78-cf68debbe1c0,748db449-aa84-428d-8134-6e4044e2108f,1A,false,1,26477,0.99,2026-05-12 04:55:01.26
e6c651e6-8e52-42bb-9bcf-90e85fa08671,653272f0-ff5c-46a8-871e-e58aee6273ba,2b,false,1,19272,0.52,2026-05-25 14:40:21.642
e746a71a-0fc9-4eac-9734-82a19cdd160d,653272f0-ff5c-46a8-871e-e58aee6273ba,3a,false,1,8878,0.43,2026-05-25 14:40:21.642
e784ac7b-97ec-4184-9697-96ac09783793,68aa2d20-7562-4ca0-978a-fbf858506ba4,3a,true,1,6106,1.1,2026-05-24 21:40:04.067
e7fa2f38-c1bb-4da9-a6fd-4cf145cc2486,653272f0-ff5c-46a8-871e-e58aee6273ba,2a,true,1,25609,0.91,2026-05-25 14:40:21.642
e8379445-1785-4b90-8d07-a3ae70e9aec9,385b9b0f-a03b-43e0-bea3-7c91eb219d60,3a,true,1,17925,0.55,2026-05-25 14:39:05.552
e848c0f0-ad45-4528-9690-4146220898af,c68ef864-2324-4553-8f9f-671c03d97552,3a,true,1,7476,0.78,2026-05-13 16:25:30.723
e927cacc-97f7-4c24-bf22-0dbf1c42a9d2,c68ef864-2324-4553-8f9f-671c03d97552,3a,true,1,8240,0.78,2026-05-13 16:25:30.723
e98c732b-3d17-4638-a1ba-c6617a938d60,9fe621d1-0f13-46c1-9a84-a28a4868c531,2a,true,2,5924,1.7,2026-05-20 04:29:35.262
eb318fb3-a0cb-45e4-bc4c-868bcec6e3bf,7490f20d-4505-4361-aed9-f7d0e6a74e0e,1a,false,1,6655,0.53,2026-05-26 13:55:56.521
ec1dd124-d8cc-470b-814c-230868d5d201,5ccded9a-90a1-4878-8258-9e435606ba00,2b,false,1,1343,0.65,2026-05-26 13:51:49.374
ec89175c-eaa7-45e6-a975-2c2bed1ff00e,7a6b4615-6138-4c1c-9427-e68faf8754dd,3A,true,1,26496,1,2026-05-12 02:52:39.622
ed3cc6e0-def8-4d07-a707-064cac00bcd6,9b8911fd-df2b-44d4-8b25-4bfd6327f51a,2a,false,1,4124,0.2,2026-05-20 07:08:14.79
ee6c964a-bb80-437e-9a83-f90e1f22df6e,047ee5eb-7990-4bf3-8d37-3cb3293daf73,1a,false,1,20228,0.43,2026-05-25 22:35:19.718
f0178a2e-d751-47b7-a4e4-b0efedaf50fd,0b362aee-bed8-4115-b912-c78554b9dfb2,3A,true,1,8740,0.7,2026-05-12 05:17:22.91
f01d2891-ccae-452d-8a86-3d4218b4e4f1,d7f7110d-2265-412b-96d7-3fe611cf9134,2a,true,2,2273,0.83,2026-05-19 02:42:30.486
f06145fe-1e40-4c32-97cc-d0d1a6dedc66,b160782f-456c-41ea-a9ef-a62511bedb97,2a,false,2,2807,0.5,2026-05-20 04:11:48.545
f070e50c-691f-4be4-a445-dbd46828c993,116051cc-fac5-4e4a-91ec-6d65bbe6d61d,2b,true,1,23305,1.01,2026-05-19 01:37:11.066
f0f2ae90-fc7f-4fa2-addd-54f44675e68d,385b9b0f-a03b-43e0-bea3-7c91eb219d60,2b,false,1,4430,0.71,2026-05-25 14:39:05.552
f1192a58-bae2-49b6-93e7-2004c5963df5,dfffb524-cd89-4b4b-bc49-a326eda236f4,2a,true,1,21672,0.44,2026-05-25 22:39:04.313
f206281b-e5c9-4454-8daa-2bf708e08b9c,8571856d-8348-46a0-8f6f-083acfed736f,2a,true,4,15741,1,2026-05-29 19:56:59.229
f2a5e932-a6ef-47b2-abb2-d0ae4c453c16,52f0f363-a0dc-451a-b1e8-dd0ca789d787,1a,false,3,3085,0.7,2026-05-14 02:46:37.858
f2c3b3a6-e956-4363-8adb-cf1bee4a8bce,c4bb46ea-6d58-4f36-8d32-0336acae35dd,3a,true,1,14929,1.07,2026-06-02 18:54:24.545
f3a64a91-fc20-4e06-9e53-4b49a40c8dd5,0566a902-0011-4de3-bd57-939a58c33a4e,3a,true,1,5544,0.86,2026-05-12 05:43:51.737
f4578637-c9a2-427c-93f2-32236081a3a4,4d600382-aef1-4608-9926-fd953b6dd0f1,2a,true,3,8937,1.1,2026-05-20 05:55:42.233
f4c2f11a-4375-4e83-a237-db7adfae06a2,e728bb9c-5d16-4cae-bd1c-ea08c242d525,2a,false,1,14928,0.52,2026-05-25 14:40:15.388
f5018ec0-ff06-4572-aae7-8e9797dc54ef,7490f20d-4505-4361-aed9-f7d0e6a74e0e,1a,true,1,16161,0.53,2026-05-26 13:55:56.521
f52341bb-27fa-40c6-8d56-e21f9c2e9702,dce10aa2-960c-4ce2-b469-e0fc0f85d61e,1a,true,2,984,1.5,2026-05-20 04:11:22.966
f586801d-dd04-4297-9b03-cd27b4488d32,5ccded9a-90a1-4878-8258-9e435606ba00,2b,false,1,8512,0.65,2026-05-26 13:51:49.374
f58ad3a9-7b94-4fe1-97c6-694fa12d58c8,c4bb46ea-6d58-4f36-8d32-0336acae35dd,2b,true,1,17122,0.7,2026-06-02 18:54:24.545
f5d7ff28-58e9-4978-97c4-8232e729ea79,55625bb5-bbfc-46bc-b467-7431a324b49c,2b,false,1,24290,0,2026-06-05 18:07:08.369
f5eb3740-5498-4c4b-8ced-c333759fc945,02a0caf4-97d8-428e-a36d-c02c6f5f3bea,2b,true,1,1207,0.6,2026-05-21 03:42:48.736
f651a384-75ed-4937-96a8-912d7332550f,1dcb1380-8eec-4c35-b595-fdff20ae936c,1a,true,2,24287,1,2026-05-13 15:52:58.742
f69fcd17-c629-4be6-be05-1d72742ebd55,7490f20d-4505-4361-aed9-f7d0e6a74e0e,2a,true,1,16592,0.67,2026-05-26 13:55:56.521
f829aa28-1a2b-4834-b8cd-cf7e70941ba5,fffe0684-c585-4ae5-b774-0529023a984b,3a,false,2,9922,1.03,2026-05-12 06:10:03.572
f868cea6-99fd-43a9-8793-3a2b16dfac5e,c68ef864-2324-4553-8f9f-671c03d97552,3a,true,1,23640,0.78,2026-05-13 16:25:30.723
f900f7f8-6e6f-4b60-a48b-dd7000d053b1,88badbd0-3bb1-40fe-90a0-2283fcbbd515,1a,true,1,7402,0.86,2026-05-26 13:50:16.793
f906eb70-04cc-401d-b4aa-a6562671305e,65fe0a95-3136-4b76-a4bf-61fee1a8fd62,1A,true,1,11917,0.6,2026-05-12 01:50:45.152
fa291a67-e6be-4fe6-8775-2bc7232c4b27,c23fecc5-535b-4b70-8603-31c595a719b1,2b,false,1,2751,0.1,2026-05-20 05:28:47.731
fa2ded56-5829-4a94-81ac-074a6a427a57,02c981d3-8dc4-4a5c-bce2-1548b8241197,2b,true,1,37789,0.4,2026-05-31 20:18:54.484
fa4ac002-4e80-4510-800d-31d0089d58ce,385b9b0f-a03b-43e0-bea3-7c91eb219d60,3a,true,1,50063,0.55,2026-05-25 14:39:05.552
fbb82093-f880-4a82-89ef-b7e5875400b6,c10d115a-5474-417c-83ee-59939f7aadbf,1a,true,1,21544,0.9,2026-05-25 14:40:26.794
fc2671fb-9c00-44bd-a29d-b7d0d43a1be5,e598f1bf-453b-4cb0-9e17-8547b1e3f23c,2a,false,2,1213,0.5,2026-05-19 02:37:17.452
fc8c1981-e1da-4ad1-98b0-2574690f25e4,08051ed0-1a00-45ef-ba4e-ece868c3bdc9,2b,false,1,7543,0.67,2026-05-12 05:53:25.638
fcc99694-def5-4a8c-a0d8-153b30c5c468,116051cc-fac5-4e4a-91ec-6d65bbe6d61d,2b,true,1,5553,1.01,2026-05-19 01:37:11.066
fcd87a68-752a-4256-ae61-6c6ec12a2e04,88badbd0-3bb1-40fe-90a0-2283fcbbd515,1a,true,1,4505,0.86,2026-05-26 13:50:16.793
fd0b5ec5-21fb-407a-9d47-5dd4d8b51af6,c68ef864-2324-4553-8f9f-671c03d97552,3a,true,1,5537,0.78,2026-05-13 16:25:30.723
fd89c6e1-8a63-4e23-83d0-0c8221451961,7490f20d-4505-4361-aed9-f7d0e6a74e0e,3a,true,1,7733,0.53,2026-05-26 13:55:56.521
fdc97fd7-2a62-43e1-a8d0-7e1a61e83d7b,86dde0f8-8878-4569-9e9c-9446e1bf23ce,1a,false,3,24523,0.82,2026-05-19 02:46:38.045
fdeb3f95-63e1-425c-9f29-b572a15dda1d,c68ef864-2324-4553-8f9f-671c03d97552,3a,false,1,109481,0.78,2026-05-13 16:25:30.723
ff07e2c1-7ad0-4b47-808b-1fb2ed61bd3e,c68ef864-2324-4553-8f9f-671c03d97552,3a,true,1,4113,0.78,2026-05-13 16:25:30.723
ff822cc8-d7bf-418b-8c9d-73d962ebd9a8,5ccded9a-90a1-4878-8258-9e435606ba00,2b,true,1,13285,0.65,2026-05-26 13:51:49.374
ffa9ebb9-a617-4c38-a885-3bdb2334acb2,1759ca6f-785e-4088-b443-4902f9cb799c,1A,false,1,5314,0.87,2026-05-12 01:52:05.201