id,student_id,login_at,logout_at,duration_seconds,active
019d605d-1452-4b8d-9a9f-46f8151604c5,59b885c5-a486-4521-a141-9b48cc0b7b3d,2026-05-20 05:24:48.018218,,,true
0284dd16-06c6-4fb4-8f86-6c4b139f2b27,6382470f-620e-441a-bc0b-75a9dd57f138,2026-05-26 13:45:32.823625,,,true
046bf6db-7cc7-4916-897f-05afb55fc759,fb60c9a7-813e-4397-b185-20ab9bce2c3c,2026-05-20 19:45:15.875002,,,true
08e5ad82-e7bf-4c08-9c74-3351e47b5470,2f0365ea-a5ff-4b29-a672-2d9f2e9d73e8,2026-05-20 05:28:14.782641,2026-05-20 05:29:20.475,65,false
0aaa4fbe-c49b-4629-9e85-70534a4bac9f,bc524b28-e88b-4548-bbd3-f3babf00539f,2026-05-13 16:26:32.379881,,,true
0bbfd2b9-fb6d-4042-a7e8-d4452a9ecefb,59b885c5-a486-4521-a141-9b48cc0b7b3d,2026-05-20 04:36:03.388735,,,true
0c26a700-3b64-46f7-8529-e8f67d384386,59b885c5-a486-4521-a141-9b48cc0b7b3d,2026-05-20 04:50:42.177225,,,true
0d778208-a50c-453f-878a-e0bee791714c,0d742029-1e08-45ed-9edc-2fc43d544633,2026-05-21 03:33:48.19476,,,true
11c3f127-8c01-48bf-8658-d433b5e93735,063b47d1-94bb-4248-803a-a1393cff0085,2026-06-03 21:47:46.075891,,,true
1381b4f5-b963-4e8d-bb7e-775e51e46676,59b885c5-a486-4521-a141-9b48cc0b7b3d,2026-05-14 03:12:48.880019,,,true
15c2bf79-91d1-4618-945f-fc10a7ad1977,59b885c5-a486-4521-a141-9b48cc0b7b3d,2026-05-13 04:10:12.289259,,,true
17eb3256-e7d0-4637-a944-2e65668c50df,59b885c5-a486-4521-a141-9b48cc0b7b3d,2026-05-13 15:50:01.602316,,,true
1994bde2-c9ed-44a7-ac34-ba03058c73de,0d742029-1e08-45ed-9edc-2fc43d544633,2026-05-21 03:30:50.351374,,,true
19f83dbe-6a03-4ff4-a37a-faa9f6c0ea48,59b885c5-a486-4521-a141-9b48cc0b7b3d,2026-05-13 14:23:50.192603,,,true
1a970230-be8e-4fa0-9a7b-cc0a9ca97617,59b885c5-a486-4521-a141-9b48cc0b7b3d,2026-05-24 01:42:01.378244,,,true
1cba1f60-aeda-4d86-a3c4-3ced317c463b,6bdb2233-6cff-41f4-abad-ee369e61ea65,2026-05-25 14:34:34.715987,,,true
1e1e26c0-080b-46bd-9c28-fbed3eb92363,59b885c5-a486-4521-a141-9b48cc0b7b3d,2026-05-20 04:28:37.698064,,,true
1f68219d-ed63-4c27-922d-964db06da2fc,b3fd9bd7-d975-4922-b6a8-e588e4c0f5ad,2026-05-19 01:25:02.675906,,,true
1fbc3261-a689-4765-8a92-3e72f35f10c5,59b885c5-a486-4521-a141-9b48cc0b7b3d,2026-05-21 23:41:37.040772,,,true
20d871ea-2673-4964-932b-1e11e117ba48,59b885c5-a486-4521-a141-9b48cc0b7b3d,2026-05-12 14:36:18.628652,,,true
211ffcc8-c7cc-46ec-b3fc-f798c12f4b3d,9a184ed7-1429-4d49-a1f9-2ac59a28cc30,2026-05-25 14:33:18.286373,,,true
22c7ed57-875f-4580-844b-7c2496915d64,59b885c5-a486-4521-a141-9b48cc0b7b3d,2026-05-19 01:41:19.581674,,,true
245fc124-a877-4106-bd42-8c39866c12cf,bc1e82bc-0efb-4981-87cb-70db4b77f42f,2026-05-24 03:36:52.278813,,,true
2a1ddb3d-8bd4-4d11-ac44-64afce9ed448,0d742029-1e08-45ed-9edc-2fc43d544633,2026-05-21 03:34:47.217326,,,true
2a6d1502-dd3f-401d-b76a-10bb025b0b3f,59b885c5-a486-4521-a141-9b48cc0b7b3d,2026-05-13 14:34:20.757793,2026-05-13 14:35:20.77,60,false
2b1a81f3-09d9-4730-8b02-4c5e596f40c4,59b885c5-a486-4521-a141-9b48cc0b7b3d,2026-05-12 06:25:36.905862,2026-05-12 06:25:37.105,0,false
2b71b3a4-94c1-434a-857c-95a2c31ab891,59b885c5-a486-4521-a141-9b48cc0b7b3d,2026-05-29 19:56:00.826305,2026-05-29 19:57:43.918,103,false
31fade5c-3fb4-4871-becd-0be849cb445a,59b885c5-a486-4521-a141-9b48cc0b7b3d,2026-05-20 03:25:12.643965,2026-05-20 03:25:56.78,0,false
3244b12a-ab53-4f0e-b035-044c568e4f1f,59b885c5-a486-4521-a141-9b48cc0b7b3d,2026-06-05 02:50:02.163329,,,true
35ff59ed-ee6c-4b6e-b074-2710ef92371b,59b885c5-a486-4521-a141-9b48cc0b7b3d,2026-05-19 01:40:59.263272,,,true
37d39a72-56fa-4f70-b7fc-2b96a00b2783,59b885c5-a486-4521-a141-9b48cc0b7b3d,2026-05-20 04:30:29.413262,,,true
38854f37-d440-4686-86c0-da5d06b27a73,59b885c5-a486-4521-a141-9b48cc0b7b3d,2026-05-20 05:12:59.070784,,,true
3b16aa77-fb89-4585-87e5-a457f963059c,59b885c5-a486-4521-a141-9b48cc0b7b3d,2026-05-30 07:31:20.35612,,,true
3bad029f-1285-4a35-9564-c9c1c3993025,e743d197-a48b-47d5-95e6-45dc978cc348,2026-05-25 14:27:38.000895,,,true
3ef7ab41-89ef-4596-a176-0d24f1285c2a,59b885c5-a486-4521-a141-9b48cc0b7b3d,2026-05-19 02:36:48.099371,2026-05-19 03:26:38.849,2990,false
41cf2ecc-527d-4065-844f-6b1f57a7f780,063b47d1-94bb-4248-803a-a1393cff0085,2026-06-02 18:49:38.029754,,,true
432679b4-f2fe-430a-9109-419760810f17,59b885c5-a486-4521-a141-9b48cc0b7b3d,2026-05-20 05:55:18.026251,,,true
4388f52e-ec76-45b5-89c7-fd9fa946c712,59b885c5-a486-4521-a141-9b48cc0b7b3d,2026-05-12 06:22:29.976313,,,true
45dbcd3a-d71a-41a6-819c-6cf681076f19,59b885c5-a486-4521-a141-9b48cc0b7b3d,2026-05-14 03:05:51.539766,,,true
47657320-0eed-4217-9da4-dce9f80a5ea4,59b885c5-a486-4521-a141-9b48cc0b7b3d,2026-05-20 05:45:24.060766,,,true
49dcd63b-950c-436c-957f-ab6494322ad8,b3fd9bd7-d975-4922-b6a8-e588e4c0f5ad,2026-05-18 19:07:07.719087,,,true
4e8b5d42-e890-4d86-ba15-4267a80ba7d7,fb60c9a7-813e-4397-b185-20ab9bce2c3c,2026-05-20 19:50:31.827371,,,true
52f8e6ab-8e16-43b9-a64c-3eae8758c3ff,59b885c5-a486-4521-a141-9b48cc0b7b3d,2026-05-13 04:12:06.463287,,,true
5313c282-8236-4e5a-9189-0ea6f6a1e46e,59b885c5-a486-4521-a141-9b48cc0b7b3d,2026-05-20 04:06:18.059141,,,true
54962997-d29a-46cc-bf6f-478f80196035,761f8bff-82b6-420c-aaf0-d00b8f193205,2026-05-22 05:48:48.296642,,,true
5566d62d-73dd-41f2-9692-b8a430fde17e,59b885c5-a486-4521-a141-9b48cc0b7b3d,2026-05-20 04:16:34.694633,2026-05-20 04:16:34.406,0,false
5a167f5c-58c1-49f7-b37a-dcc80e104fe3,59b885c5-a486-4521-a141-9b48cc0b7b3d,2026-05-20 03:52:52.484288,,,true
5a4a845d-d5d6-462b-9106-e252c2f60151,0d742029-1e08-45ed-9edc-2fc43d544633,2026-05-21 03:32:56.514843,,,true
5a6adec1-c43b-475f-8af2-35eb7eb6f9de,59b885c5-a486-4521-a141-9b48cc0b7b3d,2026-05-12 14:39:01.329003,,,true
5ca09199-450f-4681-a3d5-7903d5c5ba2a,59b885c5-a486-4521-a141-9b48cc0b7b3d,2026-05-20 16:22:38.801841,2026-05-20 16:23:13.725,34,false
5d5a6ceb-39e6-4c7e-823c-e165080fa605,e67fb5bd-9bbf-4ffc-9b26-20767063beab,2026-05-13 15:54:12.517733,2026-05-13 15:54:14.651,2,false
62a08654-e225-41fb-98d6-099d821c9624,59b885c5-a486-4521-a141-9b48cc0b7b3d,2026-05-20 04:05:58.768428,,,true
63063b2b-6435-49ff-9630-fcb5f6297a09,e743d197-a48b-47d5-95e6-45dc978cc348,2026-05-25 14:35:55.127257,,,true
64af114d-b030-42ae-aa10-491f2fa5a411,59b885c5-a486-4521-a141-9b48cc0b7b3d,2026-05-14 02:39:51.862481,,,true
65af1cc3-e3e7-4093-a1cd-ad6450d6e233,89ee0f3c-ffb5-4f85-acd1-a7658abc09f6,2026-05-13 16:52:27.210299,,,true
65ef5f0f-8447-4b20-83ad-33617b43643b,59b885c5-a486-4521-a141-9b48cc0b7b3d,2026-05-20 03:26:21.289908,2026-05-20 03:31:19.631,0,false
6730709c-d936-44a7-ab82-4159612ccc55,d39a8b6c-74a4-4a8b-ac38-6ceb71b4354d,2026-05-25 14:09:20.590298,,,true
6a36935d-c9e5-4b71-9c1b-560e47d64b09,2f0365ea-a5ff-4b29-a672-2d9f2e9d73e8,2026-06-05 03:03:36.28022,2026-06-05 03:03:39.333,3,false
6c2ab06b-f4c8-44e7-9c71-d4fa7b59dd92,b3fd9bd7-d975-4922-b6a8-e588e4c0f5ad,2026-05-18 19:01:04.375552,,,true
6d6e3955-833b-4229-8be6-9389466787fb,59b885c5-a486-4521-a141-9b48cc0b7b3d,2026-05-19 02:20:19.166672,,,true
70393380-8847-4c04-9c21-8ee09d237cd8,59b885c5-a486-4521-a141-9b48cc0b7b3d,2026-05-14 02:33:48.073022,,,true
705dfa32-d592-4536-af03-3adf0ab28556,59b885c5-a486-4521-a141-9b48cc0b7b3d,2026-05-20 03:17:08.979805,2026-05-20 03:24:53.617,0,false
72338f76-ca8e-4537-a0b1-201dd6760f5f,c5129d74-1c0a-4067-b619-dfadbd918750,2026-05-26 13:46:33.197874,,,true
73142952-92ea-4f7f-b3c1-1fac7a4463de,34ec08ca-7564-4eca-b717-c1cdb2568607,2026-05-25 14:34:34.467219,,,true
747eda4c-a761-4c01-9654-ab513be40d72,59b885c5-a486-4521-a141-9b48cc0b7b3d,2026-05-12 14:43:08.659793,,,true
74b0105c-6dc3-40eb-a11d-de67ab3862a1,59b885c5-a486-4521-a141-9b48cc0b7b3d,2026-05-15 15:44:33.371374,,,true
759bcff2-8ae7-4b84-9004-0e570e09934e,59b885c5-a486-4521-a141-9b48cc0b7b3d,2026-05-20 03:43:57.551573,,,true
78ce1a2c-4c9e-42b1-8159-593150ef6091,bc524b28-e88b-4548-bbd3-f3babf00539f,2026-06-05 13:30:53.728655,,,true
7de69e08-cb61-4daa-943d-c48c678272d8,59b885c5-a486-4521-a141-9b48cc0b7b3d,2026-05-14 03:13:31.981286,,,true
7e393f19-2986-4be9-8889-814832687979,59b885c5-a486-4521-a141-9b48cc0b7b3d,2026-05-13 14:38:37.054195,2026-05-13 14:38:57.28,20,false
7f36ba84-a9e5-4a25-b6e0-2ac4042add48,59b885c5-a486-4521-a141-9b48cc0b7b3d,2026-05-20 03:23:16.84211,2026-05-20 03:24:48.756,0,false
80e67b03-95b1-4e6c-a1c7-67d4b03ecd6e,59b885c5-a486-4521-a141-9b48cc0b7b3d,2026-05-12 06:23:56.799657,,,true
827a7167-e393-415f-971f-48a1458c6ed9,bc524b28-e88b-4548-bbd3-f3babf00539f,2026-06-05 13:30:40.937089,,,true
846ad758-202d-4af4-a253-285ac97217ee,bc1e82bc-0efb-4981-87cb-70db4b77f42f,2026-05-24 03:45:16.173858,,,true
8492cbda-9e09-4554-8ed8-781cb24a4901,59b885c5-a486-4521-a141-9b48cc0b7b3d,2026-05-13 04:18:32.724596,,,true
865890d9-d24a-4e08-8cc6-37e93faa03e7,e67fb5bd-9bbf-4ffc-9b26-20767063beab,2026-05-13 15:54:20.098813,2026-05-13 15:56:46.186,146,false
876c1985-fc48-4895-ab2a-c1ce9cfe17e2,b3fd9bd7-d975-4922-b6a8-e588e4c0f5ad,2026-05-19 01:31:00.081583,,,true
87b8de12-d069-4d19-a863-b623e36e2bdc,063b47d1-94bb-4248-803a-a1393cff0085,2026-05-31 20:11:16.862534,,,true
87d752c6-2b79-4c74-8c88-863c2a41e2d5,59b885c5-a486-4521-a141-9b48cc0b7b3d,2026-05-20 03:39:18.768875,,,true
88b78b0f-37a7-4b10-88e7-bc21a802827f,59b885c5-a486-4521-a141-9b48cc0b7b3d,2026-05-25 15:04:52.855855,2026-05-25 15:07:14.683,141,false
893cd9e8-c7d7-45b6-8cb7-305bbc77246d,59b885c5-a486-4521-a141-9b48cc0b7b3d,2026-05-20 03:16:55.521893,2026-05-20 03:24:59.466,0,false
89829163-7ad7-4c7b-87a1-3222504c6a6c,e743d197-a48b-47d5-95e6-45dc978cc348,2026-05-25 14:28:39.481382,,,true
8b39c3a3-1984-47a1-8e7b-80f4bf93a50f,903efe0e-7e7a-4c71-aff4-ff7c31298f41,2026-05-14 01:43:50.095313,,,true
8de3413a-bafd-4e00-aaf1-ffa5fe758a5d,59b885c5-a486-4521-a141-9b48cc0b7b3d,2026-06-04 15:39:17.216746,2026-06-04 15:39:19.165,1,false
9274ace7-c456-45e9-83ed-ae6c86af2905,59b885c5-a486-4521-a141-9b48cc0b7b3d,2026-05-20 04:54:50.348601,2026-05-20 04:55:13.853,0,false
94939406-f75c-4bb1-bb8e-048bf9fde29e,59b885c5-a486-4521-a141-9b48cc0b7b3d,2026-05-22 01:13:57.912058,2026-05-22 01:14:34.374,36,false
955f48af-fec9-4f21-b8ac-fee3c4cf97e5,59b885c5-a486-4521-a141-9b48cc0b7b3d,2026-05-19 01:45:19.255202,,,true
96c4beb4-7378-40bd-a60a-9fed21c51fc5,59b885c5-a486-4521-a141-9b48cc0b7b3d,2026-05-14 02:57:37.450593,,,true
97c0a667-4b8b-45a0-b1cf-88dba6a93cbd,59b885c5-a486-4521-a141-9b48cc0b7b3d,2026-05-20 03:15:32.064369,2026-05-20 03:26:06.037,0,false
97c55e0f-41e9-4d00-819e-d56b11627751,59b885c5-a486-4521-a141-9b48cc0b7b3d,2026-05-12 15:11:28.795865,2026-05-12 15:11:36.449,7,false
987d30e9-1401-4f7f-9196-8ff66a7586bf,59b885c5-a486-4521-a141-9b48cc0b7b3d,2026-05-12 06:18:40.231314,,,true
9d7703f5-20aa-4f68-be32-2b7c9b048f7a,240e26f2-9371-4d04-ac1e-f0bdabd74804,2026-06-05 18:04:20.363679,2026-06-05 18:07:33.23,192,false
a0571f89-97fa-4eb0-861f-e9822d82f6a8,0d742029-1e08-45ed-9edc-2fc43d544633,2026-05-21 03:30:09.127689,,,true
a0f2cf8d-c078-4c42-92b4-e7b188ed9227,59b885c5-a486-4521-a141-9b48cc0b7b3d,2026-05-20 04:07:58.68105,,,true
a40826cc-1722-410b-8e98-7af60ae78dca,59b885c5-a486-4521-a141-9b48cc0b7b3d,2026-05-19 01:36:40.778646,,,true
a77b6fca-42a2-495b-a316-bd72d19d4475,59b885c5-a486-4521-a141-9b48cc0b7b3d,2026-05-20 03:15:12.096998,,,true
a9067417-d22e-449e-8efc-4586e9231469,59b885c5-a486-4521-a141-9b48cc0b7b3d,2026-05-13 10:07:33.051245,,,true
aa8c4a1c-8565-41d3-9997-181e54cb702b,e53b248a-25e7-40b5-814f-d65394615c3c,2026-05-25 22:33:15.361389,,,true
aab3df1c-0494-4451-8942-68f7e74a1dc3,59b885c5-a486-4521-a141-9b48cc0b7b3d,2026-05-14 02:51:16.546145,,,true
aba74a8d-a547-4506-b411-94da3d456894,59b885c5-a486-4521-a141-9b48cc0b7b3d,2026-05-20 04:27:48.506263,,,true
ae7fc4d4-8a5c-4437-a5ba-26fc7496743f,5e32fd5e-b454-4436-ae77-58f2114bed42,2026-05-14 03:58:55.533521,,,true
af083932-9229-479a-bb63-a29c54fa2c4b,59b885c5-a486-4521-a141-9b48cc0b7b3d,2026-05-19 01:43:34.24667,,,true
b1e0d9c7-9625-4a39-b135-12ed52049349,59b885c5-a486-4521-a141-9b48cc0b7b3d,2026-05-22 02:39:18.899913,2026-05-22 02:40:31.785,72,false
b34b3403-35cc-4c11-9243-e505a6b2306f,59b885c5-a486-4521-a141-9b48cc0b7b3d,2026-05-20 04:46:44.201591,,,true
b389140e-e9ea-4da8-9c40-0346ed0abce4,59b885c5-a486-4521-a141-9b48cc0b7b3d,2026-05-12 15:00:37.047883,,,true
b71cede0-422a-4945-8e95-4c887d5986a2,bc1e82bc-0efb-4981-87cb-70db4b77f42f,2026-05-24 03:48:37.472145,,,true
b7e00fe5-6f95-4e01-ae1a-05bda7bb8946,59b885c5-a486-4521-a141-9b48cc0b7b3d,2026-05-12 22:30:47.130632,2026-05-12 22:30:49.218,2,false
b8b5053f-dcf6-4356-a344-2dba26cb306b,59b885c5-a486-4521-a141-9b48cc0b7b3d,2026-06-04 06:51:30.061107,,,true
bab488e0-716f-4a67-a166-3afb6094c7e7,2f0365ea-a5ff-4b29-a672-2d9f2e9d73e8,2026-05-20 05:27:42.893398,2026-05-20 05:28:07.509,24,false
bbc2a42a-eb54-4050-bbf7-3aa3fdee9d87,59b885c5-a486-4521-a141-9b48cc0b7b3d,2026-05-20 03:34:41.519239,,,true
bc61fadd-0b01-4b86-a5a1-7fe3cd1984b1,59b885c5-a486-4521-a141-9b48cc0b7b3d,2026-05-20 04:23:57.059867,2026-05-20 04:23:56.007,0,false
bdef3a49-3344-4314-8ba6-0d1b317a4a4d,063b47d1-94bb-4248-803a-a1393cff0085,2026-06-01 15:04:38.616158,,,true
bf06f2d0-8924-47fb-b419-8da266e76a16,903efe0e-7e7a-4c71-aff4-ff7c31298f41,2026-05-14 18:27:12.874108,,,true
c16e98c0-1eba-4997-8bae-3e5bac503db8,59b885c5-a486-4521-a141-9b48cc0b7b3d,2026-05-20 04:12:35.293973,2026-05-20 04:12:57.678,0,false
c2bff644-efcd-4bf3-a6a4-e6e2da075af9,3792864f-3238-40f9-8128-74a079a242c1,2026-05-25 14:31:26.177792,,,true
c56dcfa6-f882-4651-be50-2dc880c5900d,59b885c5-a486-4521-a141-9b48cc0b7b3d,2026-05-19 02:35:36.76149,,,true
c5d5fae6-ec90-4030-97e6-62602f498b08,2f0365ea-a5ff-4b29-a672-2d9f2e9d73e8,2026-06-05 03:02:28.113111,2026-06-05 03:03:30.644,62,false
c7b6ef26-ef42-47e4-b70e-e066e802dc18,59b885c5-a486-4521-a141-9b48cc0b7b3d,2026-05-20 03:36:55.608721,,,true
c7de26a3-f338-45c3-977f-6f622301830d,59b885c5-a486-4521-a141-9b48cc0b7b3d,2026-05-19 02:20:37.343924,,,true
c8925684-ad8a-400a-b36b-6f20027ba965,d6d8224e-a0f7-44cc-a2da-b5bc6caf3027,2026-05-13 21:39:01.994838,,,true
cada6929-1d2a-4ee2-9914-2976a5cbbc68,59b885c5-a486-4521-a141-9b48cc0b7b3d,2026-05-20 03:58:26.967191,,,true
cb1d2539-1ac9-44bc-ba7b-3b83ee45e2c4,22b8b5e1-bc2d-42d8-a039-73526defa74d,2026-05-25 14:27:00.821056,,,true
cc1ddf2f-9251-4ad2-a7dd-911ff01551a9,0d742029-1e08-45ed-9edc-2fc43d544633,2026-05-21 03:31:52.442157,2026-05-21 03:32:23.829,31,false
cd3d7578-2820-4565-872b-2c82503f5e6f,59b885c5-a486-4521-a141-9b48cc0b7b3d,2026-05-13 15:51:50.632736,,,true
cdbfc03a-ede7-48c3-be42-764ee5f3897d,59b885c5-a486-4521-a141-9b48cc0b7b3d,2026-05-29 19:56:07.459344,2026-05-29 19:57:43.804,96,false
ce0db6ef-cca2-4a45-87aa-303b31bd8e12,59b885c5-a486-4521-a141-9b48cc0b7b3d,2026-05-14 02:52:02.948267,,,true
d96b4622-34e5-4683-8c9d-cacd84d78428,bc524b28-e88b-4548-bbd3-f3babf00539f,2026-05-13 16:11:04.247618,,,true
d9d9965b-73b2-4757-b891-eb9bf8a0e1aa,b3fd9bd7-d975-4922-b6a8-e588e4c0f5ad,2026-05-18 19:02:22.317456,,,true
d9f63360-272a-412b-ba86-40e4868de597,59b885c5-a486-4521-a141-9b48cc0b7b3d,2026-05-20 03:52:17.858455,,,true
da46413a-626f-4d68-b10e-347dce4459db,59b885c5-a486-4521-a141-9b48cc0b7b3d,2026-05-20 04:36:31.737597,,,true
dc46c537-566c-48ee-a89f-456affa63691,59b885c5-a486-4521-a141-9b48cc0b7b3d,2026-05-20 03:22:10.900967,2026-05-20 03:24:49.511,0,false
dcf8c9f7-ea3d-4e92-87fb-e2f8d6a5e592,59b885c5-a486-4521-a141-9b48cc0b7b3d,2026-05-20 03:48:53.382753,,,true
ddb0c877-61df-4ecb-a271-f7b451c4d5d4,2f0365ea-a5ff-4b29-a672-2d9f2e9d73e8,2026-05-20 07:06:47.019966,2026-05-20 07:11:31.737,284,false
ddd2c2b2-0850-4d82-9be6-b901bcf4ece1,d39a8b6c-74a4-4a8b-ac38-6ceb71b4354d,2026-05-24 21:38:29.323372,,,true
ddec26c3-7fd5-49fd-ba30-caea52fc84fd,59b885c5-a486-4521-a141-9b48cc0b7b3d,2026-05-20 03:49:28.142423,,,true
e0a1b08b-c54d-4ffb-b84c-d498f53b41e8,59b885c5-a486-4521-a141-9b48cc0b7b3d,2026-05-20 03:31:34.601545,,,true
e10fe8fb-49fa-4970-8e6a-644517c8a40e,59b885c5-a486-4521-a141-9b48cc0b7b3d,2026-05-20 04:01:18.054408,,,true
e33c86b3-16f4-4f36-a68b-5577a0792116,863be68b-9e0a-4751-9b1f-ffbc07162fee,2026-05-14 22:41:55.545433,,,true
e3eb1b28-c80a-4246-b3c5-f4ce1e7805c1,d09b18d6-2a99-46b0-9a76-f0c710db48f9,2026-05-25 14:31:42.671808,,,true
e65c1c07-87df-42f5-9c75-d9c8616365e9,59b885c5-a486-4521-a141-9b48cc0b7b3d,2026-05-14 02:26:39.044576,,,true
e6f2405e-dbe2-4621-aad4-b3d0e5f5c0fa,59b885c5-a486-4521-a141-9b48cc0b7b3d,2026-05-19 02:05:09.191456,,,true
e7562b0f-57a8-4c17-9127-eff66eb83b6b,22b8b5e1-bc2d-42d8-a039-73526defa74d,2026-05-25 14:28:55.832356,,,true
ead08f7d-6dfc-4602-bf2a-8b3e1e23e28e,98c87153-7818-42f1-8c09-fda9838e598f,2026-05-13 16:15:46.866366,,,true
eb4db3c0-bd8e-4129-96ae-1f3465f2327d,59b885c5-a486-4521-a141-9b48cc0b7b3d,2026-05-12 14:38:51.047479,,,true
edbed4c1-d2b4-4e9b-ae1c-cf807a39bf9d,59b885c5-a486-4521-a141-9b48cc0b7b3d,2026-05-12 14:43:24.634187,,,true
f025a5ef-d75f-4a05-94d1-ef79b7c1f9c9,59b885c5-a486-4521-a141-9b48cc0b7b3d,2026-05-20 19:45:05.00001,,,true
f116d0b7-2acf-4480-a4f9-b4ab30dcdb7e,59b885c5-a486-4521-a141-9b48cc0b7b3d,2026-05-13 20:31:50.33652,,,true
f158b2ee-fa32-4d42-8764-2be29f7f561f,bc524b28-e88b-4548-bbd3-f3babf00539f,2026-06-05 13:27:10.705519,,,true
f1741d58-5e83-4da6-9cd3-c390196127ef,59b885c5-a486-4521-a141-9b48cc0b7b3d,2026-06-01 02:24:50.476867,2026-06-01 02:25:25.45,34,false
f276085f-af97-45e7-b252-ddf082be845e,59b885c5-a486-4521-a141-9b48cc0b7b3d,2026-05-20 04:10:45.601334,,,true
f317927a-af01-45b9-81e6-152d00e5ce22,59b885c5-a486-4521-a141-9b48cc0b7b3d,2026-05-20 04:17:59.808896,2026-05-20 04:17:58.675,0,false
f51bebf4-8b0c-4ef0-bff7-2a885d39d3ac,d39a8b6c-74a4-4a8b-ac38-6ceb71b4354d,2026-06-03 15:54:20.501459,,,true
f581f975-5bef-4e94-96a9-5b4fc3a22218,59b885c5-a486-4521-a141-9b48cc0b7b3d,2026-05-19 01:40:12.51939,,,true
face0a27-8aeb-4ba0-a645-f39032c464a8,59b885c5-a486-4521-a141-9b48cc0b7b3d,2026-05-20 04:11:20.071564,,,true
fd9e15d6-f0a6-4627-aeb9-ad8c0b7f5d14,59b885c5-a486-4521-a141-9b48cc0b7b3d,2026-05-19 03:26:22.972381,2026-05-19 03:26:38.382,15,false
ffdd97ac-5ac7-4ab3-a710-d76ed9c9d60b,d39a8b6c-74a4-4a8b-ac38-6ceb71b4354d,2026-05-21 02:28:54.383762,,,true